"Data/anims.VDF","30574351","2001-02-14 19:08:28","33b2181f7d1793c3bb65d0ad177b7273"
"Data/meshes.VDF","7735121","2001-02-13 17:42:08","8b32de306580fd3c85995ef99a83d631"
"Data/sound.VDF","118430826","2001-02-16 11:02:46","2138576ad16276e8bf978e79b7d376e8"
"Data/sound_patch2.VDF","4013812","2001-04-11 16:06:50","94cd1a6d3cc82ff8281c63417c15697c"
"Data/speech.vdf","670586878","2002-10-10 07:42:20","4dd1477cfb470881ca4e6bd84c66e8d1"
"Data/textures.vdf","125064597","2002-10-10 19:44:48","36ad1b2da7833241bbd382f905c4c60a"
"Data/textures_choicebox_32pixel_modialpha.VDF","3232","2001-06-19 18:58:08","62c43318c13241ac121df949c1b6e80b"
"Data/textures_patch.VDF","186512","2001-04-26 15:53:22","d3b7da140f0410da45eaac5dde08b2d6"
"Data/worlds.VDF","67881336","2001-02-16 21:38:28","73c36e4382c60b4e455e188e0f241122"
"Manual/credits.htm","11108","2002-10-10 18:53:58","c1aceabc616a92a1790462e9b4f21d0f"
"Manual/default.css","3564","2002-10-10 18:57:00","3a4daef7c0af54a651a87f466757766e"
"Manual/gfx/g.gif","367","2002-02-18 17:23:30","f0154853d3333de4a5c3f0ad8b5514d2"
"Manual/gfx/h1.jpg","7047","2002-02-18 17:18:46","0b4f35d9cf621667c51af5cd49e579c7"
"Manual/gfx/h2.jpg","1949","2002-02-18 17:19:18","6a09659e2adb2ea76cf18ff4c885a5a2"
"Manual/gfx/h3.jpg","1407","2002-02-18 17:19:32","1b6b994cc222fc3274ae2c20c87bcc09"
"Manual/gfx/h4.jpg","6082","2002-02-18 17:19:58","27b66e61d8b2af35c3b101875461d578"
"Manual/gfx/i_home.gif","171","2002-02-18 18:21:24","4b22c3aaf9feb2edffc93ad49a90617a"
"Manual/gfx/i_mail.gif","175","2002-02-18 18:21:08","9b15766d74d2ec046ef658b6c3cd00d5"
"Manual/gfx/i_search.gif","171","2002-02-18 18:21:16","38717cb0c3f55fa2dbe6d1d0f648beee"
"Manual/gfx/i_top.gif","165","2002-02-18 18:20:58","222d33e382d7729ed163cbb990040c0e"
"Manual/gfx/leftline.gif","1608","2002-02-18 17:20:38","cae924fc0c3f9e721437c22a824cd311"
"Manual/gfx/leftshadow.gif","88","2002-02-22 14:34:02","e04be52779d91f5366b83049456818d0"
"Manual/gfx/leftshadow1.gif","88","2002-02-22 14:34:02","e04be52779d91f5366b83049456818d0"
"Manual/gfx/print.gif","70","2002-03-13 16:54:42","599d61d90ecfba8a3a2a7e7153660403"
"Manual/gfx/pt_blank.gif","42","2000-01-22 16:51:00","d89746888da2d9510b64a9f031eaecd5"
"Manual/gfx/pt_div.gif","43","2002-02-18 19:28:58","40b1874466ccb67be35805fcd0613f3c"
"Manual/gfx/rightline.gif","1611","2002-02-18 17:20:56","10db49189916d18af81a6efa1ef1b2f4"
"Manual/gfx/rightshadow.gif","88","2002-02-22 14:34:06","e04be52779d91f5366b83049456818d0"
"Manual/gfx/rightshadow1.gif","88","2002-02-22 14:34:06","e04be52779d91f5366b83049456818d0"
"Manual/gfx/shadow.gif","486","2002-02-18 17:22:34","3e2328dec9d3718137aac6708395252c"
"Manual/global.css","1095","2002-10-04 17:17:28","2312106a9def3d2e35b7357aaf3c27d8"
"Manual/img/game_screen.jpg","37174","2002-10-07 14:40:06","fde49d1669397a709368f72833e2e7db"
"Manual/img/gothic_dvd_preview.jpg","23066","2002-10-07 18:38:46","a6d54e4d30392c08040c85dd4f058816"
"Manual/img/gothic_jewel_preview.jpg","20404","2002-10-07 18:39:08","999ff1d995eafcd24c99d3fb5347bb58"
"Manual/img/main_menu.jpg","39554","2002-10-07 14:32:48","a40f703bc7fa88f21a0407c3d30ec2f4"
"Manual/img/picture_0.jpg","9567","2002-10-07 15:54:04","e823fb08774ab1ee1b6e1ba1f8cb247b"
"Manual/img/picture_1.jpg","10736","2002-10-07 15:52:26","44d9ed45f84feb9c9103692fe033c6ed"
"Manual/img/picture_2.jpg","37251","2002-10-07 16:03:32","80e776a59dbb548cecc17f2ae767b634"
"Manual/img/picture_3.jpg","15946","2002-10-07 16:38:52","4d2a369dd2a5f1c0910461a414482d4a"
"Manual/img/poster-01-preview.jpg","29195","2002-02-19 13:45:32","1988db5aee44e6b87b8cc944152b459f"
"Manual/img/poster-02-preview.jpg","25016","2002-02-19 13:45:38","b5edb69091b6f6ac541296e01680f02d"
"Manual/img/poster-preview.jpg","23618","2002-02-18 19:49:02","bbe0f66753fa4a39ed876a6b28a7a645"
"Manual/img/settings.jpg","40413","2002-10-07 14:32:34","1454d23074a4695280cf273b34fbf2d6"
"Manual/img/spell_common_0.jpg","3664","2002-10-07 15:35:26","9955c3c77ac392e71f462af4096e0727"
"Manual/img/spell_common_1.jpg","3238","2002-10-07 15:35:00","5cb1ccbb07ab0f6674eb005678d8a8e7"
"Manual/img/spell_common_2.jpg","3262","2002-10-07 15:35:36","2c6f1341c2d56535f0629de2a45cb87f"
"Manual/img/spell_common_3.jpg","3408","2002-10-07 15:35:32","e46df9551447c46f4a8b8f09afd219b9"
"Manual/img/spell_common_4.jpg","3414","2002-10-07 15:36:16","172f92904c779c63bc89d5ac8b4ad279"
"Manual/img/spell_common_5.jpg","3228","2002-10-07 15:36:12","ba64382a420866b72197284605cf9191"
"Manual/img/spell_common_6.jpg","3353","2002-10-07 15:36:04","4c393cdc6049e651853522db80eeff16"
"Manual/img/spell_fire_0.jpg","3491","2002-10-07 15:36:08","ac9c58b075dbf1c137fec93fcac4da15"
"Manual/img/spell_fire_1.jpg","3591","2002-10-07 15:36:02","f887efff0146d5cdfdfbbcd67f3571ce"
"Manual/img/spell_fire_2.jpg","3476","2002-10-07 15:35:40","81c7561282f097c11f99dee4e9d16caf"
"Manual/img/spell_fire_3.jpg","3521","2002-10-07 15:35:58","47e259d00837567ccd836b93428277fd"
"Manual/img/spell_sleeper_0.jpg","3402","2002-10-07 15:35:16","cec4a1921fd0f8deb1862e2a0997c8ee"
"Manual/img/spell_sleeper_1.jpg","3285","2002-10-07 15:35:12","9095480743be98f08e275b606f00d2b8"
"Manual/img/spell_sleeper_2.jpg","3299","2002-10-07 15:35:10","59fbab1759c8cc92a2f8dc7cb4d0f4ae"
"Manual/img/spell_sleeper_3.jpg","3225","2002-10-07 15:35:20","3d49b301d154ed86db3e4091a4d4d879"
"Manual/img/spell_sleeper_4.jpg","2991","2002-10-07 15:35:54","d9b84e7b00319fd466bf9e1bf51d4302"
"Manual/img/spell_sleeper_5.jpg","3162","2002-10-07 15:35:50","2b87ebadd016871c481e62ab14795b04"
"Manual/img/spell_sleeper_6.jpg","3302","2002-10-07 15:35:02","db64bc243705673795e3013fad3d7e16"
"Manual/img/spell_water_0.jpg","3497","2002-10-07 15:35:06","4b6abb83eb40473844d2fb2ec675acbb"
"Manual/img/spell_water_1.jpg","3537","2002-10-07 15:35:28","4a2567a45b899a9ae1f2c325bb356e71"
"Manual/img/spell_water_2.jpg","2979","2002-10-07 15:35:44","5532c2a3ec4f53996e1c604a233505f9"
"Manual/img/spell_water_3.jpg","3042","2002-10-07 15:35:46","34baa6198b56a9d52dbb05d467a77f2d"
"Manual/img/spell_water_4.jpg","3269","2002-10-07 15:34:56","93cbb8791f2d18bc5da6d2788d6a25b0"
"Manual/img/thg_book.jpg","5789","2002-10-07 14:50:46","530b47d113ae6a2ff57062dcd81f061a"
"Manual/img/thg_flask.jpg","5734","2002-10-07 14:50:04","b131ebcbac010402059d144a206228c8"
"Manual/img/thg_key.jpg","5728","2002-10-07 14:51:48","e782994840bab7d77efc22e78864a30d"
"Manual/img/thg_other.jpg","6016","2002-10-07 14:51:20","34677676325fd7afaee78b9fa7f2bd46"
"Manual/img/thg_sword.jpg","5848","2002-10-07 14:43:54","7ac730bff81f9e4dd71832ac205a2781"
"Manual/img/thg_torch.jpg","5700","2002-10-07 14:52:22","fb1b632ac2014485f8119e2c71b45f77"
"Manual/index.htm","9166","2002-10-10 18:53:44","e7d91e9b9aeb9c30799535082651cc19"
"Manual/intro.htm","8226","2002-10-10 18:54:22","a463827a4d793ba4965dda34750570c6"
"Manual/manual.htm","8738","2002-10-10 18:54:34","ccc3dc5ac98e953f3a46c9a17d30fcef"
"Manual/manual1.htm","7200","2002-10-10 18:54:46","ae6da970a858138f7943f9a6d7a630a2"
"Manual/manual2.htm","6614","2002-10-10 18:54:58","4ecba091ef87561cb4ba33d8a35cf93d"
"Manual/manual3.htm","10019","2002-10-10 18:55:10","e6ca38f0967f6c7ce856e6171a2f89b1"
"Manual/manual4.htm","16259","2002-10-10 18:55:22","b473490af0ab92aef60b281bb5eeb7a9"
"Manual/manual5.htm","8160","2002-10-10 18:55:32","fdd6f926cc994e761b629d9a343f9388"
"Manual/manual6.htm","9215","2002-10-10 18:55:42","0e4eca19e0525df9462e4c6e80484b20"
"Manual/manual7.htm","8635","2002-10-10 18:57:18","1bb5da0ac95459dc61c0a6b110536dcd"
"Manual/manual8.htm","7438","2002-10-10 18:57:28","a6bbd2af33085f02d003749d4b647314"
"Manual/manual9.htm","8567","2002-10-10 18:57:36","448aa8fe4afbbc822c1b9d51f64862ec"
"Manual/scr1.htm","1103","2002-10-10 19:00:06","1d7ec0a4a008d4d6f3b75fd3bc8d28bb"
"Manual/scr10.htm","1104","2002-10-10 19:01:44","047a8d97c499560de70a7319ca491052"
"Manual/scr11.htm","1104","2002-10-10 19:01:54","066165f7c9f6234a13f97299269a53cc"
"Manual/scr12.htm","1104","2002-10-10 19:02:02","7a365c17e4cb467f3fc7c989b123f7fb"
"Manual/scr2.htm","1103","2002-10-10 19:00:16","27217de264ec8bae8ece35f35aeb18fa"
"Manual/scr3.htm","1103","2002-10-10 19:00:24","19308c6b542cf36d1eedf5041387ed4d"
"Manual/scr4.htm","1103","2002-10-10 19:00:36","53f4f5ab7a7166b45b52b9b4f60abb38"
"Manual/scr5.htm","1103","2002-10-10 19:00:50","ff68c9aac4fdcbddc08730a42013a3a7"
"Manual/scr6.htm","1103","2002-10-10 19:01:02","6023814ef8ac34956a16e57bc3a4bb2a"
"Manual/scr7.htm","1103","2002-10-10 19:01:14","ee780e39fe94c656a741bc3703d96ece"
"Manual/scr8.htm","1103","2002-10-10 19:01:24","9c9735532dbac26808bf5c09f68d6251"
"Manual/scr9.htm","1103","2002-10-10 19:01:34","e94a37436c0e96972c91318771e49ae2"
"Manual/screens.htm","7013","2002-10-10 18:59:48","fed5608ea8ae0155512d9c82c8fa2627"
"Manual/screens/gothic_preview_scr_01.jpg","154046","2002-02-19 16:01:00","f6c731004fc15d2ae2864885c295a914"
"Manual/screens/gothic_preview_scr_02.jpg","108899","2002-02-19 16:02:34","1420c0b7fab596f60d37ab9b78f5ceb8"
"Manual/screens/gothic_preview_scr_03.jpg","74077","2002-02-19 16:03:54","e1567b5708d8b50e8507e99a9ca4ae80"
"Manual/screens/gothic_preview_scr_04.jpg","135476","2002-02-19 16:04:54","e7caeef37019f63b8db5e76506b4b508"
"Manual/screens/gothic_preview_scr_05.jpg","153014","2002-02-19 16:06:08","a2a1ad5ad306c9ce4485b6de9797f1fa"
"Manual/screens/gothic_preview_scr_06.jpg","137828","2002-02-19 16:07:18","1235dac26ee292caa6f171fcc6d3fcba"
"Manual/screens/gothic_preview_scr_07.jpg","62088","2002-02-19 16:08:38","00e9d5e835de193b53aa1f46e404d882"
"Manual/screens/gothic_preview_scr_08.jpg","111560","2002-02-19 16:09:38","2d03c99d79285c051abbadacfb14d588"
"Manual/screens/gothic_preview_scr_09.jpg","87775","2002-02-19 16:10:36","6f115acde85d27b38e96f3e6914f32dc"
"Manual/screens/gothic_preview_scr_10.jpg","107312","2002-02-19 16:11:24","732321db908170a0fb6709db608bdc7c"
"Manual/screens/gothic_preview_scr_11.jpg","159847","2002-02-19 16:12:26","5e7f438d4a80bb1638628de2825a9a6d"
"Manual/screens/gothic_preview_scr_12.jpg","145929","2002-02-19 16:13:18","44c6bb14fca26b2faea989df49163b9a"
"Manual/screens/gothic_preview_tmb_01.jpg","5941","2002-02-19 16:01:32","e31edbba9f25b59c097f6c29269193d5"
"Manual/screens/gothic_preview_tmb_02.jpg","4353","2002-02-19 16:03:04","5fc497f5f2b4bf6d7da09cbefa813a50"
"Manual/screens/gothic_preview_tmb_03.jpg","2926","2002-02-19 16:04:22","9b6942389fec736b88b282a12dcf9678"
"Manual/screens/gothic_preview_tmb_04.jpg","4728","2002-02-19 16:05:16","1e05d8de4c4478fc7daf001b3defd020"
"Manual/screens/gothic_preview_tmb_05.jpg","5107","2002-02-19 16:06:38","6c6039148b9f8e7beb910e52567f2c80"
"Manual/screens/gothic_preview_tmb_06.jpg","5394","2002-02-19 16:07:42","63b55ed580eaeab2c6551225edf8bd23"
"Manual/screens/gothic_preview_tmb_07.jpg","5819","2002-02-19 16:09:02","bc66bb1d8ba2e592b10f8ea00ce406f2"
"Manual/screens/gothic_preview_tmb_08.jpg","4128","2002-02-19 16:10:02","12ae394bb146f98b41ebc81d34499223"
"Manual/screens/gothic_preview_tmb_09.jpg","4460","2002-02-19 16:10:56","a8bd74b364a555f25d2635460f660b24"
"Manual/screens/gothic_preview_tmb_10.jpg","5384","2002-02-19 16:11:56","6c4add1b188b11fd22c346e228573b7b"
"Manual/screens/gothic_preview_tmb_11.jpg","6099","2002-02-19 16:12:52","220fe46e3d6bc22c19df40cd7c1b1280"
"Manual/screens/gothic_preview_tmb_12.jpg","6379","2002-02-19 16:13:42","84ee45b6fd4e458cab5ef665ac46a8f5"
"Manual/sketches.htm","5764","2002-10-10 18:58:10","ac63298643cd29f5056d699924fbb944"
"Manual/sketches/gothic_skt_01.jpg","97563","2002-08-14 13:22:32","097227edcb06fe2989c43c1d4702d480"
"Manual/sketches/gothic_skt_02.jpg","75835","2002-08-14 13:31:04","1d13138e41e535bd26c6ec775203ede4"
"Manual/sketches/gothic_skt_03.jpg","102989","2002-08-14 13:31:56","a419a450f1418cb6d8df58492bfe8c42"
"Manual/sketches/gothic_skt_04.jpg","86670","2002-08-21 13:24:10","9add9c21bf293f7f3f0c29188c5f95af"
"Manual/sketches/gothic_skt_05.jpg","53062","2002-08-21 13:24:30","ba9e43a39df8b62128a2124e91367076"
"Manual/sketches/gothic_skt_06.jpg","46489","2002-08-21 13:24:42","6405c46e05a3f31a66c539aa40ee83dd"
"Manual/sketches/gothic_skt_07.jpg","39281","2002-08-21 13:24:52","1df495967f8f02ad6b88c710469d1af1"
"Manual/sketches/gothic_skt_08.jpg","57888","2002-08-21 13:25:02","bb315ac0497a888f2122e785c5eacec4"
"Manual/sketches/gothic_skt_09.jpg","77145","2002-08-21 13:25:14","433aca9ca347838ba80b33b1416e38e4"
"Manual/sketches/gothic_skt_10.jpg","33697","2002-08-21 13:25:26","cb13897a1ac7c33626f22d71c4c391b3"
"Manual/sketches/gothic_skt_11.jpg","56118","2002-08-21 13:25:46","5e505cb2c706c7b06b3e45380fedeab1"
"Manual/sketches/gothic_skt_12.jpg","54619","2002-08-21 13:25:58","14383067acad74fad358b21663a88d53"
"Manual/sketches/gothic_skt_13.jpg","44390","2002-08-28 14:06:40","19f5c1b70c036f02e8dc8df85bb19856"
"Manual/sketches/gothic_skt_14.jpg","55232","2002-08-28 14:08:30","ed2ef28928c71b7b42d3ecf4a0d09ad4"
"Manual/sketches/gothic_skt_15.jpg","47574","2002-08-28 14:04:34","5e255ad51e3f8c9fcb2dc2d78dcfa0ce"
"Manual/sketches/gothic_skt_16.jpg","54892","2002-08-28 14:09:48","c5110a9c629c1fb6357566dca77cc140"
"Manual/sketches/gothic_skt_17.jpg","45640","2002-08-28 14:11:24","f206d48c0678a5babc8280aee4913b99"
"Manual/sketches/gothic_skt_18.jpg","59312","2002-08-28 14:14:24","deed265da98f8de07c0d552102b790dc"
"Manual/sketches/gothic_skt_19.jpg","62582","2002-08-28 14:15:18","1d376b5a079aab66d16aef55fbe138eb"
"Manual/sketches/gothic_skt_20.jpg","42052","2002-08-28 14:17:44","081607c9ff31a639960db5b704ce5a48"
"Manual/sketches/gothic_skt_21.jpg","44009","2002-08-28 14:25:16","0dc9a1e9098648a766152fbda24a8211"
"Manual/sketches/gothic_skt_22.jpg","54769","2002-09-06 12:51:26","2f75913515173d9c6e2ee9c5f7823c0b"
"Manual/sketches/gothic_skt_23.jpg","32575","2002-08-19 15:49:22","4bbb834939abc85e9362c8b23ac13ad2"
"Manual/sketches/gothic_skt_24.jpg","59028","2002-09-06 12:52:18","8d6a5d8b2dc00795c56ff605dd6cdb8d"
"Manual/sketches/gothic_skt_25.jpg","28268","2002-08-19 15:52:32","f052c4da4e357085305f442d614aae55"
"Manual/sketches/gothic_skt_26.jpg","63966","2002-09-06 12:53:02","debdd4a6b03510db8aeab3b5518b2c10"
"Manual/sketches/gothic_skt_27.jpg","63799","2002-09-06 12:53:20","7f7682a8460d40fff706a63b60e4150d"
"Manual/sketches/gothic_skt_28.jpg","39065","2002-09-06 12:53:36","b697b4c13093b4a2dcf948f823f478de"
"Manual/sketches/gothic_skt_29.jpg","47967","2002-09-06 12:53:50","a9d6265057a57b54862102351bb3f63d"
"Manual/sketches/gothic_skt_30.jpg","54760","2002-08-19 15:47:44","db4bf6c79b063bb4ec6a7974bc5ddbd4"
"Manual/sketches/gothic_stm_01.jpg","6232","2002-08-14 13:21:48","3df48d0f99fbb0b4d300a145621bceab"
"Manual/sketches/gothic_stm_02.jpg","5135","2002-08-14 13:31:36","412e60e78715e51dcb6facf6a641d376"
"Manual/sketches/gothic_stm_03.jpg","6078","2002-08-14 13:32:20","1c045b90b2afe988ac3f146de24aaa40"
"Manual/sketches/gothic_stm_04.jpg","4604","2002-08-21 13:27:06","586ba6cc2b30c75a4e1aea4a96427177"
"Manual/sketches/gothic_stm_05.jpg","2869","2002-08-21 13:27:14","2ed26d01baf6128aee615da17e93977a"
"Manual/sketches/gothic_stm_06.jpg","2974","2002-08-21 13:27:24","338a49d53654d578ac799a079b03bec9"
"Manual/sketches/gothic_stm_07.jpg","2489","2002-08-21 13:27:32","34fcd96088599a99a98af5439af645ab"
"Manual/sketches/gothic_stm_08.jpg","2891","2002-08-21 13:27:40","b25d400f58d32960ff4825d938dde8e7"
"Manual/sketches/gothic_stm_09.jpg","4054","2002-08-21 13:27:48","4c96d278ffca1fe5518051f46ce50aff"
"Manual/sketches/gothic_stm_10.jpg","2147","2002-08-21 13:28:00","0bdccc91ebc8c95c80721d08b12c5dc7"
"Manual/sketches/gothic_stm_11.jpg","3607","2002-08-21 13:28:08","f62fb054048ef7976d5e25803c88f8ed"
"Manual/sketches/gothic_stm_12.jpg","3405","2002-08-21 13:28:16","f51be3dd61e4f2bdbae542ac81b46df0"
"Manual/sketches/gothic_stm_13.jpg","4769","2002-08-29 14:07:36","ff6bb10ad89e4c24473ba05c84b520e1"
"Manual/sketches/gothic_stm_14.jpg","5493","2002-08-29 14:07:24","22fe88724325e34a7b43c47b48566bd7"
"Manual/sketches/gothic_stm_15.jpg","5274","2002-08-29 14:07:50","b27d70fa6a404d915ac534ede83918a9"
"Manual/sketches/gothic_stm_16.jpg","5294","2002-08-29 14:07:58","e7b8c196dbb9fa815945a081d70890ed"
"Manual/sketches/gothic_stm_17.jpg","4905","2002-08-29 14:07:02","33d75d72b56482d7871e5bc1b4a97fd6"
"Manual/sketches/gothic_stm_18.jpg","5541","2002-08-29 14:06:20","6cdb0eaf6ce07691848ab752eeef90ca"
"Manual/sketches/gothic_stm_19.jpg","5585","2002-08-29 14:06:50","940aa11b7a76d12e4b2d6bb4d6701e17"
"Manual/sketches/gothic_stm_20.jpg","4469","2002-08-29 14:07:14","1fa0b4757d7eb273c08df8147311008e"
"Manual/sketches/gothic_stm_21.jpg","3847","2002-08-29 14:06:34","befd22639f834024b3bb999bcd470a3d"
"Manual/sketches/gothic_stm_22.jpg","3004","2002-09-06 12:55:16","ab4a73a3a4aa0936670d7d89190f53a6"
"Manual/sketches/gothic_stm_23.jpg","2199","2002-09-06 12:55:26","10a91df5c08bc479aa9a2aa380b7dd1e"
"Manual/sketches/gothic_stm_24.jpg","3878","2002-09-06 12:55:36","3dcbb8ba5fa7b0148117126f87a6405d"
"Manual/sketches/gothic_stm_25.jpg","3293","2002-09-06 12:55:46","d2817d437da3f8896d6b0ed0629017e3"
"Manual/sketches/gothic_stm_26.jpg","2785","2002-09-06 12:55:58","717f83febdbe41169f419a3b2eeca992"
"Manual/sketches/gothic_stm_27.jpg","4114","2002-09-06 12:56:10","b2813cfd3ebd6b4e1e47c8606c562b19"
"Manual/sketches/gothic_stm_28.jpg","2784","2002-09-06 12:56:24","7eb811c02d1fdcb5bf2fa023793076fe"
"Manual/sketches/gothic_stm_29.jpg","3485","2002-09-06 12:56:32","f69f9535510711b0c7402c2c784b9a85"
"Manual/sketches/gothic_stm_30.jpg","4342","2002-09-06 12:56:38","f35a5a59411b829d20d0acb8a3cf0c34"
"Manual/sketches2.htm","8049","2002-10-10 18:58:30","12017829fc18dd14b5d884cb774ec131"
"Manual/sketches3.htm","6595","2002-10-10 18:58:44","0197192bd222b37901ccd771c3fcceab"
"Manual/skt1.htm","1090","2002-10-10 19:05:26","d0229eef65afaa095ec92533562e4488"
"Manual/skt10.htm","1091","2002-10-10 19:08:14","b23c7f2bb199685677f518ee753952e3"
"Manual/skt11.htm","1091","2002-10-10 19:08:24","e869987c4caa962ec8d973f9c55d0ddc"
"Manual/skt12.htm","1091","2002-10-10 19:08:32","e00e15761c6c3ca9c6463ab67247af00"
"Manual/skt13.htm","1091","2002-10-10 19:08:42","473de34722ba936a26bca28dc52d90ea"
"Manual/skt14.htm","1091","2002-10-10 19:08:50","e68f68a9694d4761fa968f2c541ea7b9"
"Manual/skt15.htm","1091","2002-10-10 19:08:58","e18b56b6935b692c1f99657ff464df93"
"Manual/skt16.htm","1091","2002-10-10 19:09:08","e591fa0c3758d8914c8f30a503ec395d"
"Manual/skt17.htm","1091","2002-10-10 19:09:16","03660f31b52c6de4e971a5e7a48b0f1a"
"Manual/skt18.htm","1091","2002-10-10 19:09:26","cdd4bed3760c75b46157e1a6adf68711"
"Manual/skt19.htm","1091","2002-10-10 19:09:38","6674d944b558db3c3b94fee6753c9b96"
"Manual/skt2.htm","1090","2002-10-10 19:05:34","94a8d3fbd7c8733d117388ad151bc044"
"Manual/skt20.htm","1091","2002-10-10 19:09:48","c53059a69c71d87e4177677ce2c11120"
"Manual/skt21.htm","1091","2002-10-10 19:09:58","032dff9e26359532235bb89eb955be2b"
"Manual/skt22.htm","1091","2002-10-10 19:10:08","4a7c793ce1cc3295f8677674150b5b58"
"Manual/skt23.htm","1091","2002-10-10 19:10:44","b0ad2a7c7184aabc6bfcc28d4bb86b93"
"Manual/skt24.htm","1091","2002-10-10 19:10:52","6db67f1cb428392883b90795e2a4cd0e"
"Manual/skt25.htm","1091","2002-10-10 19:11:02","bb14781ed844ef270e6fb1b5ea710712"
"Manual/skt26.htm","1091","2002-10-10 19:11:12","3d27c204e8b8d34224a408074c84a281"
"Manual/skt27.htm","1091","2002-10-10 19:11:22","49ca1fc4050b879b0dcdfc9935e966ec"
"Manual/skt28.htm","1091","2002-10-10 19:11:32","0376e0cac0004f666d3b6cb6b4161ac8"
"Manual/skt29.htm","1091","2002-10-10 19:11:42","9b442635c0cacad68045dbebc41f1470"
"Manual/skt3.htm","1090","2002-10-10 19:05:46","95166a67414f97b7bd5b28faf01a5391"
"Manual/skt30.htm","1091","2002-10-10 19:11:52","1ef66237ed4e1a59b3c55df265bb7104"
"Manual/skt4.htm","1090","2002-10-10 19:07:10","c5f5e1fc679cb8eaf26b1517d1dcedf8"
"Manual/skt5.htm","1090","2002-10-10 19:07:22","23395b5d10d88fb899882bd560942f33"
"Manual/skt6.htm","1090","2002-10-10 19:07:34","4ffcf377bf3f9d1794957cff438277de"
"Manual/skt7.htm","1090","2002-10-10 19:07:44","b93044b9f055a72745a26f3cdfb3e4c0"
"Manual/skt8.htm","1090","2002-10-10 19:07:52","f5a8e9ffe909316a48978c960e3fb08f"
"Manual/skt9.htm","1090","2002-10-10 19:08:02","6952edb355cb5c202ef8a00ca037dd0c"
"Manual/sounds.htm","14184","2002-10-10 18:59:06","f2ddc4fc1a5acbe43216e85db8a96907"
"Manual/sounds/Asghan/Grd_263_Asghan_NEST_Info_06_02.mp3","33227","2002-10-02 17:20:28","de6f4e62f89ffbabb10f948d42e51bef"
"Manual/sounds/Asghan/Grd_263_Asghan_OPEN_Info_06_06.mp3","63529","2002-10-02 17:20:28","5f132230a692c53b0271c160d3f59286"
"Manual/sounds/Asghan/Grd_263_Asghan_SMALLTALK_Info_06_02.mp3","58305","2002-10-02 17:20:28","64cee3a44c119efb22e4845b60e6ce85"
"Manual/sounds/Asghan/Grd_263_Asghan_SMALLTALK_Info_06_04.mp3","51200","2002-10-02 17:20:28","36373a99eb6ad67b95256b26eaf8ff1f"
"Manual/sounds/BaalLukor/Info_BaalLukor_ALTAR_13_11.mp3","16091","2002-10-02 17:23:20","f01f4a17e5c0290ef2f7de74d68dba2e"
"Manual/sounds/BaalLukor/Info_BaalLukor_HALLWITH_13_01.mp3","42631","2002-10-02 17:23:20","529a2cce7176ea76ec2ef4fc815017b5"
"Manual/sounds/BaalLukor/Info_BaalLukor_WHATNOW_13_02.mp3","73142","2002-10-02 17:23:18","4dfd50e677f43654149025ccdc22d396"
"Manual/sounds/Bloodwin/Info_Bloodwyn_DIE_08_09.mp3","23614","2002-10-02 17:25:48","e7750ace5938e5f784b18a7a6a004623"
"Manual/sounds/Bloodwin/Info_Bloodwyn_Doch_08_01.mp3","46184","2002-10-02 17:25:46","1532f0f17d1998dd84fab757f7f92a6e"
"Manual/sounds/Bloodwin/Info_Bloodwyn_Hello_08_06.mp3","117237","2002-10-02 17:25:46","8975f1d5322aeddb37ca103751c43487"
"Manual/sounds/Bloodwin/Info_Bloodwyn_PayDay_08_00.mp3","27376","2002-10-02 17:25:48","140e3aa6517389d4fa11d6fd138cfa84"
"Manual/sounds/Bloodwin/Info_Bloodwyn_PayForJesse_08_06.mp3","65201","2002-10-02 17:25:46","6516e14c909c63666dc1bd967d20da9e"
"Manual/sounds/Corristo/KDF_402_Corristo_AUFNAHME_Info_14_02.mp3","19226","2002-10-02 17:25:58","b2011f86a4dbda148a957f58acb2c948"
"Manual/sounds/Corristo/KDF_402_Corristo_EXPLAINMAGE_Info_14_02.mp3","67082","2002-10-02 17:25:56","25dd7036063d9328eb4e529707157051"
"Manual/sounds/Corristo/KDF_402_Corristo_KDFTEST_ADANOS_Info_14_03.mp3","45975","2002-10-02 17:25:56","8b44f6b55b878862d4e6efc97fd7c012"
"Manual/sounds/Corristo/KDF_402_Corristo_KDFTEST_SLEEPER_Info_14_03.mp3","65201","2002-10-02 17:25:56","815d65ff2eda6f93a6560838776efec7"
"Manual/sounds/Corristo/KDF_402_Corristo_KREIS1_Info_14_06.mp3","47856","2002-10-02 17:25:56","1b8267e2ac4de4ffa408a58dd04e863f"
"Manual/sounds/Corristo/KDF_402_Corristo_KREIS2_Info_14_02.mp3","55588","2002-10-02 17:25:58","07a5dbd0bde910b4af2cd392b15c8b62"
"Manual/sounds/Corristo/KDF_402_Corristo_KREIS3_Info_14_07.mp3","41168","2002-10-02 17:25:58","57d087449b0363e385035ab167de290c"
"Manual/sounds/Corristo/KDF_402_Corristo_WANNBEKDF_Info_14_02.mp3","34063","2002-10-02 17:25:54","907fd10474ec2051cd96bb85bcb4e6ca"
"Manual/sounds/Cronos/DIA_Cronos_Brief_08_01.mp3","69381","2002-10-02 17:26:06","d8f1755d195c4a3b20bdcfb51a8ccc3b"
"Manual/sounds/Cronos/Info_Cronos_KALOM_08_03.mp3","87980","2002-10-02 17:26:06","babeffd22cd3225931ee7ff8e3056836"
"Manual/sounds/Cronos/Info_Cronos_PAROLE_08_02.mp3","47438","2002-10-02 17:26:06","954816afc22a53de7f18787a6c7b3a29"
"Manual/sounds/Cronos/Info_Cronos_SLEEPER_08_09.mp3","25913","2002-10-02 17:26:06","66e92cb559467233e5bc8ae7cd1b2c04"
"Manual/sounds/DIA_BaalCadar_SleepSpell_02_00.mp3","46602","2002-09-20 12:12:42","ebd6a8aead61da0cdf9d9f09258ed9cf"
"Manual/sounds/DIA_BaalIsidro_Drink_03_01.mp3","42840","2002-09-20 12:12:36","626fd9cfbecfe5f9f9f08f77f0c7df6b"
"Manual/sounds/DIA_BaalIsidro_Hello_03_04.mp3","32809","2002-09-20 12:12:36","977e07014702e2f698a2493d949b04c1"
"Manual/sounds/DIA_BaalIsidro_Problem_03_01.mp3","68545","2002-09-20 12:12:38","14643926accbca2f343f1513b2092c63"
"Manual/sounds/DIA_BaalIsidro_ThinkAgain_03_03.mp3","163213","2002-09-20 12:12:38","0f8f7c80ff8530dacea4af0d9d76eb3f"
"Manual/sounds/DIA_BaalKagan_Hello_13_02.mp3","32182","2002-09-13 13:32:28","f086686abfee245fe0c3e174aa5c9969"
"Manual/sounds/DIA_BaalKagan_OrderHelp_13_01.mp3","65828","2002-09-13 13:32:26","90fd057da0a58c9ad96aa77dd8707881"
"Manual/sounds/DIA_BaalKagan_WannaHelp_13_03.mp3","71680","2002-09-13 13:32:28","34f0158b8d3704b7bd4f4a6fe42f0de7"
"Manual/sounds/DIA_BaalKagan_WhyHere_13_01_1.mp3","40124","2002-09-13 13:32:28","61dffaa05770700918f241672062f063"
"Manual/sounds/DIA_BaalKagan_WhyHere_13_02.mp3","47020","2002-09-13 13:32:26","9f4e08b44b7b6394331c0289ebd5901f"
"Manual/sounds/DIA_BaalTaran_Beweis_05_01.mp3","99892","2002-09-20 13:12:34","2fe75af35ca5834ed3079a14778a9c06"
"Manual/sounds/DIA_BaalTaran_Bruderschaft_05_02.mp3","93413","2002-09-20 13:12:30","fa6a38a8fac785c152ade58c92fb945a"
"Manual/sounds/DIA_BaalTaran_IntoCastle_Exactly_05_02.mp3","70426","2002-09-20 13:12:30","47d4ad3d2e32be18f2158c3632d0989c"
"Manual/sounds/DIA_BaalTaran_Lehre_05_01.mp3","96757","2002-09-20 13:12:30","3a6de3a7935bf1af175629947499509b"
"Manual/sounds/DIA_BaalTondral_DustySuccess_13_01.mp3","33018","2002-09-13 13:41:20","f7b9bcfdfaefaf13ec62710566a9e709"
"Manual/sounds/DIA_BaalTondral_FanaticTeacher_13_06.mp3","77949","2002-09-13 13:41:20","0b5f072ed38a94ce3f8d87438a7d8bb4"
"Manual/sounds/DIA_BaalTondral_NewMember2_13_01.mp3","67709","2002-09-13 13:41:20","7960a90217e60e9f4abe47f126a555d9"
"Manual/sounds/DIA_BaalTondral_YouTalked_13_02.mp3","61231","2002-09-13 13:41:18","eee8ba3347eb9af2f3565126d35ca4ad"
"Manual/sounds/DIA_Balor_FetchWeed_01_02.mp3","59768","2002-09-13 13:49:36","9c58cbc5a58b26c9cc9694005c9314c9"
"Manual/sounds/DIA_Balor_Perm_01_01.mp3","43676","2002-09-13 13:49:36","a5910a2c97716161118fb505d7eb1460"
"Manual/sounds/DIA_Balor_RipOff_01_02.mp3","41168","2002-09-13 13:49:36","fdfce6a0d6c37d55e27e74e60f436b70"
"Manual/sounds/DIA_Balor_SellUnder_01_01.mp3","36362","2002-09-13 13:49:36","fec5dd72e031694b78f8a076728464e9"
"Manual/sounds/DIA_Balor_TellDealer_ForgetIt_01_01.mp3","112431","2002-09-13 13:49:34","ee1cd907cc7edb3b038a2300cd45f2be"
"Manual/sounds/DIA_Caine_Hallo_13_01.mp3","71262","2002-09-20 13:12:32","89d64c2e1ee93234436a32fc1c0a3b10"
"Manual/sounds/DIA_Caine_Job_13_02.mp3","56633","2002-09-20 13:12:32","c36ad88731076d4ca829b7b5dad9d7f7"
"Manual/sounds/DIA_Caine_WoSekret_13_03.mp3","83591","2002-09-20 13:12:32","0c56255a253f735bf3874653dd73a4a8"
"Manual/sounds/DIA_GorNaDrak_Greet_09_01.mp3","70426","2002-09-13 13:57:50","3f35faab75ba8a4f607e70d0fceac8eb"
"Manual/sounds/DIA_GorNaDrak_WhatFor_09_02.mp3","74605","2002-09-13 13:57:50","7c2f952bdb4f4f3a77130432b1ec6c0f"
"Manual/sounds/DIA_Homer_BuiltDam_02_01.mp3","31555","2002-09-20 13:12:32","475c791cbaa921cb542a45ef74de8436"
"Manual/sounds/DIA_Homer_Hello_02_02.mp3","42422","2002-09-20 13:12:34","f24ac38598f18da3329109b8234135c7"
"Manual/sounds/DIA_Homer_Running_02_01.mp3","61022","2002-09-20 13:12:34","8c5eef3d7ef281ed942108e2fee3e984"
"Manual/sounds/DIA_Homer_Success_02_02.mp3","26122","2002-09-20 13:12:28","fa65dbbe668dcdc10d6ad734f621e045"
"Manual/sounds/DIA_Horatio_Hello_09_00.mp3","36362","2002-09-13 15:46:24","dd54e1f2107c7faf9195667933d3c86e"
"Manual/sounds/DIA_Horatio_HelpSTR_09_01_1.mp3","88607","2002-09-13 15:46:24","8c6cfaf1ba85206c6109ed80468c307b"
"Manual/sounds/DIA_Horatio_SORRY_09_01.mp3","26331","2002-09-13 15:46:24","a8dd04f9faed03b75657bf1689bd6595"
"Manual/sounds/DIA_Horatio_Story_09_02.mp3","103235","2002-09-13 15:46:24","19df2e901efe63ad4708338d8b3c6b2a"
"Manual/sounds/DIA_Jarvis_Erzhaufen_08_02.mp3","54961","2002-09-20 13:41:24","64faf759cd77c524c8d92e2cde2eb42c"
"Manual/sounds/DIA_Jarvis_First_08_02.mp3","75023","2002-09-20 13:41:16","0110d1587677adfdb9468cb42ada6025"
"Manual/sounds/DIA_Jarvis_Rest_08_01.mp3","97593","2002-09-20 13:41:18","38c36a3ef163b7bfa64863f72e032d62"
"Manual/sounds/DIA_Jarvis_SldInfo_08_03.mp3","65201","2002-09-20 13:41:18","f87b9221dcb18d0575cea2638423581b"
"Manual/sounds/DIA_Milten_GotoCorristo_02_01.mp3","65619","2002-09-20 12:30:12","d21f40c1b50ab7ed65d1dc670b59f6b8"
"Manual/sounds/DIA_Milten_PERM_02_02.mp3","57260","2002-09-20 12:30:08","262e12da4aa503df4d67ea10a7b1716b"
"Manual/sounds/DIA_Shrat_JoinPSI_02_02.mp3","57469","2002-09-20 13:41:18","d712bdc3a6543f44537bdcbf4dbe58b5"
"Manual/sounds/DIA_Shrat_WhyHere_02_04.mp3","40751","2002-09-20 13:41:18","9a0ee99106836af91955d218da1b6337"
"Manual/sounds/DIA_Shrat_WhyHere_02_05.mp3","33227","2002-09-20 13:41:20","0fc928669fcd266f104264c43fd30909"
"Manual/sounds/DIA_Snaf_Hello_01_02.mp3","16509","2002-09-20 12:30:08","8a3e50d1220a0f7cf969f5ba31d7949e"
"Manual/sounds/DIA_Snaf_WhereMushrooms_01_01.mp3","66455","2002-09-20 12:30:08","fe16e91789c09f1a29149f473cc56db1"
"Manual/sounds/DIA_Snaf_ZutatenSuccess_01_01.mp3","61857","2002-09-20 12:30:10","1578bc5fe94d86c9d7b38cbe8a860d4c"
"Manual/sounds/DIA_Snaf_Zutaten_01_01.mp3","74605","2002-09-20 12:30:08","78dd1543eb86748ce6a013a4a1dc8190"
"Manual/sounds/DIA_Snaf_Zutaten_01_02.mp3","90906","2002-09-20 12:30:10","0c748bccde3475d6d4f48d6e302c71b9"
"Manual/sounds/DIA_Wolf_SellArmor_09_01.mp3","49946","2002-09-20 13:41:20","57c23d36404410b6e2ea9181ff15a50b"
"Manual/sounds/Drax/Org_819_Drax_Creatures_06_02.mp3","90488","2002-10-02 17:26:16","fcbc578f2581166a2337305cf32c5ab3"
"Manual/sounds/Drax/Org_819_Drax_Creatures_Haut_06_02.mp3","53707","2002-10-02 17:26:14","c702be9d8a2e78f636540fd4cf583800"
"Manual/sounds/Drax/Org_819_Drax_Creatures_TaughtAll_06_00.mp3","26749","2002-10-02 17:26:14","aa8451adc8e241d69567819ce7b5409e"
"Manual/sounds/Drax/Org_819_Drax_HuntHere_06_03.mp3","47438","2002-10-02 17:26:14","62c828deecac51b9c6f31a4687ed0eaa"
"Manual/sounds/GRD_262_Aaron_BLUFF_GOOD_09_02.mp3","42213","2002-09-13 13:12:28","26ead6e08f72a5f2fd3737f6b6e711f0"
"Manual/sounds/GRD_262_Aaron_CHEST_Info_09_02.mp3","53080","2002-09-13 13:12:28","872d5eb8be18758d1b613535bc230544"
"Manual/sounds/GorNaRan/DIA_GorNaRan_Wache_13_01.mp3","32809","2002-10-02 17:26:24","f86cb78675672828deb283ebd6add7c7"
"Manual/sounds/GorNaRan/Info_TPL_1405_GorNaRan_Info_13_03.mp3","87353","2002-10-02 17:26:22","89ecb980008b10a863da0a4d16a01bcc"
"Manual/sounds/Graham/DIA_Graham_BuyMaps_02_01.mp3","54543","2002-10-02 17:26:32","b0626759da21440f3b6a694c92912bfd"
"Manual/sounds/Graham/DIA_Graham_Hello_02_01.mp3","57260","2002-10-02 17:26:32","9eba88a1877c6a3e4c9430cd885e477c"
"Manual/sounds/Graham/DIA_Graham_SellMap_Pay_NoOre_02_00.mp3","56215","2002-10-02 17:26:30","bb54624f3f0857d13b00401d2d8da3d4"
"Manual/sounds/Gur_1208_BaalCadar_FIRSTTEST_Info_02_02.mp3","59977","2002-09-20 12:12:40","983f024dd15f64b4f0d5affcc7575033"
"Manual/sounds/Gur_1208_BaalCadar_KREIS2_Info_02_04.mp3","129776","2002-09-20 12:12:40","6f4d0a2cf41be0febb034f5eb555a8af"
"Manual/sounds/Gur_1208_BaalCadar_KREIS4_Info_02_06.mp3","59141","2002-09-20 12:12:42","9410cfe97e94576f4a41fec0d05023eb"
"Manual/sounds/Guy/DIA_Guy_AdNC_03_01.mp3","51200","2002-10-02 17:26:42","776c11a46cf904b02356e877e2e73945"
"Manual/sounds/Guy/DIA_Guy_AdOC_BACK_03_01.mp3","15882","2002-10-02 17:26:42","e0f5034d69b9e7d6ba324623a0a5343c"
"Manual/sounds/Guy/DIA_Guy_AdOC_Warez_03_01.mp3","103235","2002-10-02 17:26:42","36500daf74ba21a21989460d316fccf5"
"Manual/sounds/Guy/DIA_Guy_AdOC_Warez_03_02.mp3","39915","2002-10-02 17:26:40","f0fc570e7e74d1ab208de4703b620638"
"Manual/sounds/Info_Aaron_PISSED_09_01.mp3","66037","2002-09-13 13:12:26","489548b4cbae69d030d2b07ee92c3246"
"Manual/sounds/Info_FreemineOrc_CRAWLER_17_02.mp3","52244","2002-09-13 14:04:28","3be88a31d429fb2d3ed4112e5dd36dc2"
"Manual/sounds/Info_FreemineOrc_EVERYULUMULU_17_02.mp3","73978","2002-09-13 14:04:22","258f8e47c3f12d95d8e15eadbe3a72bd"
"Manual/sounds/Info_FreemineOrc_EVERYULUMULU_17_03.mp3","99056","2002-09-13 14:04:24","109c7bcfc86f4388b5372dd153805f00"
"Manual/sounds/Info_FreemineOrc_FIREWARAN_17_02.mp3","49737","2002-09-13 14:04:24","89f1b292d349dae222f695df381d4c8e"
"Manual/sounds/Info_FreemineOrc_GIVEPOTION_17_02.mp3","66455","2002-09-13 14:04:24","869a92dd45e8a131eaafacb80ae51711"
"Manual/sounds/Info_FreemineOrc_GIVEPOTION_17_06.mp3","71888","2002-09-13 14:04:26","a14ead03b3bfacc5f0746a186b9dabdf"
"Manual/sounds/Info_FreemineOrc_OFFER_17_02.mp3","70844","2002-09-13 14:04:26","b4252f6871bd96bb0cd2d58974cd3230"
"Manual/sounds/Info_FreemineOrc_SHADOWBEAST2_Info_17_02.mp3","42213","2002-09-13 14:04:26","d83989494e977c19a0c8b32c9ca622db"
"Manual/sounds/Info_FreemineOrc_SUCHEULUMULU_17_04.mp3","46393","2002-09-13 14:04:26","01ed1110095cb95e57dd55ec7d5c2f60"
"Manual/sounds/Info_FreemineOrc_SWAMPSHARK_17_02.mp3","73351","2002-09-13 14:04:28","b51019bf092f26d1b440b7a607265e48"
"Manual/sounds/Info_FreemineOrc_TROLL_17_02.mp3","55588","2002-09-13 14:04:28","8e345c5a829c4ca03fc249b5bd4c8614"
"Manual/sounds/Info_FreemineOrc_WASTUN_17_04_1.mp3","47856","2002-09-13 14:04:22","d35a71502c88986d6f52cbe3fe2b0c7d"
"Manual/sounds/Info_HighPriest1_17_01.mp3","28421","2002-09-13 15:53:42","6d71d7737d4705758e7b7052d64aae4d"
"Manual/sounds/Info_HighPriest2_17_02.mp3","26331","2002-09-13 15:53:42","f34f0fdac3248851190609be68c0203f"
"Manual/sounds/Info_HighPriest3_17_02.mp3","50782","2002-09-13 15:53:42","b860294e676ddfcf729dd1d2d8a235bc"
"Manual/sounds/Info_HighPriest5FAILED_17_02.mp3","42631","2002-09-13 15:53:42","4e7b02cc9604124d8dc6337d622ced2f"
"Manual/sounds/Info_Kirgo_Charge_05_01.mp3","59768","2002-09-20 12:12:42","df5f3adb41e2104c18078dfa90a77691"
"Manual/sounds/Info_Kirgo_Charge_Beer_05_09.mp3","76068","2002-09-20 12:12:42","86f7b830f6aa08d3c9078b26bc3f36c1"
"Manual/sounds/Info_Kirgo_What_05_02.mp3","37825","2002-09-20 12:12:36","370550b06bf4c9241dc1c18f37c587be"
"Manual/sounds/Info_Milten_LOADSWORD1_02_02.mp3","25704","2002-09-20 12:30:10","acbbe0d39426bc3900db2fe6075a7e60"
"Manual/sounds/Info_Milten_OCWARN_02_09.mp3","32809","2002-09-20 12:30:10","1c2478be804b6f9c154229f2baf37aa7"
"Manual/sounds/Info_Milten_SHARRIVED_02_01.mp3","46811","2002-09-20 12:30:12","6626ee9fea3f40b3c965c6e9ed8e62d3"
"Manual/sounds/Info_Milten_SHWAIT_02_04.mp3","29048","2002-09-20 12:30:06","3f7b94fb87a043dec055420c6b119102"
"Manual/sounds/Info_Pacho_STOP_13_04.mp3","25913","2002-09-13 16:07:34","038818bebb3e1b9441c1092a86651abd"
"Manual/sounds/Info_Pacho_STOP_13_07.mp3","36989","2002-09-13 16:07:34","691e115186a37fef198598c1f0a3875d"
"Manual/sounds/Info_TPL_1441_FirstWarn_13_01.mp3","41586","2002-09-20 13:41:20","1a6b29e12afc3e6b402abea4c51f6a7a"
"Manual/sounds/Info_Talas_RETURNED_02_01.mp3","36571","2002-09-20 13:41:20","0cc19a71b1a8a61889cf91d6239c64ac"
"Manual/sounds/Info_Wolf_MCPLATESENOUGH_09_02.mp3","50364","2002-09-20 13:41:20","ecfbb8237ab5320ff86879109419f35e"
"Manual/sounds/Info_Wolf_PROFIT_09_02.mp3","141061","2002-09-20 13:41:22","7b6c831097d56d1a75a29e0be7a2eb44"
"Manual/sounds/Info_Xardas_BARRIER_14_05.mp3","75232","2002-09-13 14:59:04","57d0407e80ab3236044299eeda7f634e"
"Manual/sounds/Info_Xardas_DANGER_14_05.mp3","115147","2002-09-13 14:59:02","d3f6051db2c5bc108f0436ca313870c9"
"Manual/sounds/Info_Xardas_FOUNDTEMPLE_14_03.mp3","58305","2002-09-13 14:59:02","6041f0160260c5b31078e9dc8c160223"
"Manual/sounds/Info_Xardas_LOADSWORD09_14_03.mp3","114311","2002-09-13 14:59:04","44ac986d4d8fc94cc2a1216b44844e9f"
"Manual/sounds/Info_Xardas_OT_14_09.mp3","66664","2002-09-13 14:59:02","af17337c73146b3b095400dd371d8832"
"Manual/sounds/Lee/DIA_Lee_FMTaken_08_01.mp3","31137","2002-10-02 17:26:50","de8e418b1f8babee35b11dde14a63a6c"
"Manual/sounds/Lee/Sld_700_Lee_BECOMESLDNOW_Info_08_03.mp3","62275","2002-10-02 17:26:50","d1d9e4208d6233f46cb7bf3f3b64a40e"
"Manual/sounds/Lee/Sld_700_Lee_DAMNPAST_Info_08_08.mp3","52871","2002-10-02 17:26:50","c2990488075da52bf8030e5b8babb7ba"
"Manual/sounds/Lee/Sld_700_Lee_ZWEIHAND2_Info_08_08.mp3","44303","2002-10-02 17:26:48","51f5fd71d3d5c19725c903932e7aa3de"
"Manual/sounds/Nefarius/Info_Nefarius_NowReady_04_02.mp3","53916","2002-10-02 17:26:58","d9b5ee69ea5a56736ffa8f9f62f6d951"
"Manual/sounds/Nefarius/Info_Nefarius_OCNews_04_00.mp3","36989","2002-10-02 17:26:58","4f3a6d388a74988e75cbb6e0fef81f8e"
"Manual/sounds/Nefarius/Info_Nefarius_OCNews_04_02.mp3","72306","2002-10-02 17:26:58","0e5d6acfe7a6cba10636b8bf64c9df59"
"Manual/sounds/Nov_1300_Talas_BACKAGAIN_Info_02_01.mp3","27167","2002-09-20 13:41:22","c4494bf27bc078181e8c18386faca980"
"Manual/sounds/Nov_1300_Talas_BRIDGE_Info_02_03.mp3","36362","2002-09-20 13:41:22","fe42b4e6cec3ff829230279947da932a"
"Manual/sounds/ORG_855_Wolf_TRAINOFFER_Info_09_04.mp3","55170","2002-09-20 13:41:22","75c8649f913212a8c2fa8a58dfa21905"
"Manual/sounds/OrcSchaman/Info_OrcShaman_BYEBYE_17_02.mp3","124342","2002-10-02 17:27:16","f66d0a9837fefc1688f54f6e7246eaee"
"Manual/sounds/OrcSchaman/Info_OrcShaman_CURSE_17_04.mp3","84218","2002-10-02 17:27:08","a36e07363547ee3daa511b675c0518ac"
"Manual/sounds/OrcSchaman/Info_OrcShaman_CURSE_17_05.mp3","78994","2002-10-02 17:27:08","d066e260eff2074175c778817a84b914"
"Manual/sounds/OrcSchaman/Info_OrcShaman_INTEMPLE_17_02.mp3","76068","2002-10-02 17:27:08","14fed585371d3aca268cd7cc0ac2aa08"
"Manual/sounds/OrcSchaman/Info_OrcShaman_KRUSHAK_17_04.mp3","40542","2002-10-02 17:27:10","356a7d7c272f8bd1a07c0f37a66a986d"
"Manual/sounds/OrcSchaman/Info_OrcShaman_ORCCITY_17_02.mp3","44930","2002-10-02 17:27:10","48cb4cf123e8fa69a7ec6b3ab5db788e"
"Manual/sounds/OrcSchaman/Info_OrcShaman_OTHERWAY_17_05.mp3","54961","2002-10-02 17:27:10","bf5faa9d5e808cb78b4737c021b75943"
"Manual/sounds/OrcSchaman/Info_OrcShaman_OUTSIDE_17_05.mp3","105743","2002-10-02 17:27:12","a1fff5ce8696681b0b7eefeb78895c94"
"Manual/sounds/OrcSchaman/Info_OrcShaman_SCROLL_17_04.mp3","94667","2002-10-02 17:27:12","cf824649cacca0c6a50130c5dbcb0d64"
"Manual/sounds/OrcSchaman/Info_OrcShaman_SLEEPER_17_02.mp3","47020","2002-10-02 17:27:12","54b542e29a4ebea4758203a4a9bdf049"
"Manual/sounds/OrcSchaman/Info_OrcShaman_ULUMULU_17_03.mp3","95294","2002-10-02 17:27:14","5fd98e462317c562e7140616e7e7135d"
"Manual/sounds/OrcSchaman/Info_OrcShaman_ULUMULU_17_05.mp3","88816","2002-10-02 17:27:14","08cd723679111074f30b83cac150207e"
"Manual/sounds/OrcSchaman/Info_OrcShaman_WHO_17_02.mp3","24450","2002-10-02 17:27:14","53178b26381c2efeac52bf178d7bce63"
"Manual/sounds/OrcSchaman/Info_OrcShaman_WHO_17_03.mp3","53080","2002-10-02 17:27:14","4782aae86b60f46b5db3253bdd24828b"
"Manual/sounds/OrcSchaman/Info_OrcShaman_WHY_17_04.mp3","40333","2002-10-02 17:27:14","f2c5ac99cf249bf28f894f9e1e2427d1"
"Manual/sounds/OrcSchaman/Info_OrcShaman_YOUHERE_17_03.mp3","56006","2002-10-02 17:27:06","ec01aace14c69f7aaded3050806215e2"
"Manual/sounds/Org_859_Aidan_Creatures_13_01.mp3","11702","2002-09-13 13:24:34","5e3c8fa0d1395f58ee67904b170629a2"
"Manual/sounds/Org_859_Aidan_Creatures_Haut_13_02.mp3","47020","2002-09-13 13:24:34","b5cb34f321586806b7fb823c9628140d"
"Manual/sounds/Org_859_Aidan_Creatures_Kralle_13_01.mp3","93413","2002-09-13 13:24:34","81271c38b0f813c67cdb9854c453ed20"
"Manual/sounds/STT_301_IAN_AFTERALL_Info_13_02_1.mp3","40751","2002-09-13 16:11:30","35a1097cd9bafdfe749c661a9b093660"
"Manual/sounds/STT_301_IAN_AFTERALL_Info_13_04.mp3","24868","2002-09-13 16:11:28","4e61d5faa8cc3a30920783146eb7f6cf"
"Manual/sounds/STT_301_IAN_GEAR_SUC_Info_13_03.mp3","49528","2002-09-13 16:11:28","c223c7b8cd107257b7d558ecbaf3e033"
"Manual/sounds/STT_301_IAN_MORE_Info_13_02.mp3","79830","2002-09-13 16:11:28","597a9a87494d88446ab815a1fd80fdfd"
"Manual/sounds/SVM_1_Awake_1.mp3","34063","2002-09-13 15:59:46","aad2411ff472f509d66eae236cabbe4f"
"Manual/sounds/SVM_1_Berzerk.mp3","23405","2002-09-13 15:59:46","9ecf0ee41dbda48a5e0f43807dea03a9"
"Manual/sounds/SVM_1_GetOutOfHere.mp3","10240","2002-09-13 15:59:46","40f04aabbcd742bd71d1117c4ae65ee3"
"Manual/sounds/SVM_1_LookAway.mp3","18181","2002-09-13 15:59:46","abeccea3eef4a6224e4afd32783790b6"
"Manual/sounds/SVM_1_Smalltalk10.mp3","22360","2002-09-13 15:59:46","99d50da9ec8704cec8a8a051ceb13034"
"Manual/sounds/SVM_1_Smalltalk19.mp3","40751","2002-09-13 15:59:46","9d6c34f2544b83fd32ddfd8e77be04e1"
"Manual/sounds/SVM_1_YesYes.mp3","19853","2002-09-13 15:59:46","8f6003100ecef66719c59e5629d94283"
"Manual/sounds/SVM_1_YouKilledEBr.mp3","37825","2002-09-13 15:59:46","b78c2cdb5f35d5e153582fcb59a1d471"
"Manual/sounds/Swiney/Info_Swiney_Hello_09_01.mp3","64992","2002-10-02 17:27:26","0792e32c73e7c37a018f08483497d023"
"Manual/sounds/Swiney/Info_Swiney_Schuerfer_09_03.mp3","158615","2002-10-02 17:27:26","aba270ddd8bff0fc834c87b20a72756f"
"Manual/sounds/Tpl_1437_Templer_LEAVENOW_Info_13_06.mp3","28630","2002-09-20 13:41:24","ecc6ae018c8f5cec4a0aadab869c39b1"
"Manual/sounds/Tpl_1437_Templer_NERV_Info_13_02.mp3","24659","2002-09-20 13:41:24","b1f1e51ed562a0166eecf0a081e02a00"
"Manual/sounds/Tpl_1438_Templer_TEACHZANGEN_Info_13_04.mp3","98011","2002-09-20 13:41:16","35fccbcfbe03056543b941f956d7e88f"
"Manual/sounds2.htm","11779","2002-10-10 18:59:20","21e525975b6a915c3d099f4aebc45eb6"
"Manual/sounds3.htm","13774","2002-10-10 18:59:30","41e9913afd6ac8e9994b5197c69b963e"
"Manual/support.htm","6735","2002-10-10 18:54:12","ba9f2822ddecc3f35e345529b568875f"
"Miles/Mssa3d.m3d","51200","2000-10-23 13:30:04","17d5522c8165d12f2896f69e131c7da7"
"Miles/Mssa3d2.m3d","60928","2000-10-23 13:30:22","fe22c1d99bc07ab163e8a698c1f91df0"
"Miles/Mssdolby.m3d","64512","2000-10-23 13:30:18","d4cd81026b9c9a6cd8e9a953e2f0c7c4"
"Miles/Mssds3dh.m3d","50688","2000-10-23 13:30:06","ac91a9771d74ef19bdb00769e3354e61"
"Miles/Mssds3ds.m3d","49664","2000-10-23 13:30:08","67838210758a42bed0333bd1a8385b61"
"Miles/Mssdx7sh.m3d","50688","2000-10-23 13:30:32","69ac0293abbcb454d577dbc19b505c46"
"Miles/Mssdx7sl.m3d","50688","2000-10-23 13:30:30","649c844cc428b33bed07fb275653ce68"
"Miles/Mssdx7sn.m3d","50688","2000-10-23 13:30:26","a372f94500cf5124756cce67ca6412be"
"Miles/Msseax.m3d","53760","2000-10-23 13:30:14","0da0ac22027954a169b4d01d01b655c8"
"Miles/Msseax2.m3d","69120","2000-10-23 13:30:02","b25975c04f5e599a95a7647303441614"
"Miles/Mssfast.m3d","63488","2000-10-23 13:30:16","1f7301b989bde24fb00a4b40eae2c238"
"Miles/Mssrsx.m3d","352768","2000-10-23 13:30:12","e38be5d85f9a5d1b2fc353abf9ec9e1c"
"Saves/placeholder.txt","1","2002-10-10 19:12:18","336d5ebc5436534e61d16e63ddfca327"
"VDFS.CFG","46","2001-02-16 21:01:16","0b0500c0d6afb4db8de21c3f72308b01"
"_work/data/Music/dungeon/Dungeons.dls","9811476","2001-02-11 02:55:18","47f72ac2c02aae6639169b1af4eeb3b0"
"_work/data/Music/dungeon/OGY_Day_Fgt.sgt","2726","2001-02-11 02:55:20","41b994f0fba4e2f7805bf4cbcf62e3c4"
"_work/data/Music/dungeon/OGY_Day_Std.sgt","2736","2001-02-11 02:55:20","c5a362b2b1dc1a256b7fef3c0b4fbb91"
"_work/data/Music/dungeon/OLM_Day_Fgt.sgt","2726","2001-02-11 02:55:20","a81cfcc2b4f981939be13fca9b88d103"
"_work/data/Music/dungeon/OLM_Day_Std.sgt","2774","2001-02-11 02:55:18","d7b71806525a752abf2e57295526dfa6"
"_work/data/Music/dungeon/OLM_Day_Thr.sgt","2714","2001-02-11 02:55:20","590e658054ecba9cd55bea8d07902707"
"_work/data/Music/dungeon/_OGY.sty","6634","2001-02-11 02:55:20","1441343fa7ade742b3606cbcb13eecc0"
"_work/data/Music/dungeon/_OLM.sty","29310","2001-02-11 02:55:18","66cb3514a69c31c9c7674a45296ede5a"
"_work/data/Music/menu_men/Menu.sgt","2128","2001-01-25 10:15:28","2bc92cd1bb8e348d1c47757017127c1a"
"_work/data/Music/menu_men/menu.sty","2580","2001-01-25 10:15:28","655c050261aa2c7bb93ba8b1a187d966"
"_work/data/Music/menu_men/menu_MEN.dls","9711574","2001-01-25 10:15:28","f58505ec89f544d9d58d16d9531c4762"
"_work/data/Music/orchestra/BAN_Day_Std.sgt","3978","2001-02-11 02:59:04","c4afe1b599d1d2b1a2c429694d2c26f4"
"_work/data/Music/orchestra/CAM_Day_Fgt.sgt","3942","2001-02-11 02:59:04","c54dfa5a14968b538351ed27c41d0d87"
"_work/data/Music/orchestra/CAM_Day_Std.sgt","3954","2001-02-11 02:59:04","5bf6e8ef0df85da1befc8274ed4c249e"
"_work/data/Music/orchestra/CAM_Day_Thr.sgt","3942","2001-02-11 02:59:04","986bb327da979de5d65ff2bc2e625686"
"_work/data/Music/orchestra/CAM_Ngt_Std.sgt","3942","2001-02-11 02:59:04","c18d733422b500fd237bc3646b39e79e"
"_work/data/Music/orchestra/Default.sgt","3934","2001-02-11 02:59:06","d87d5da71fd03b4d1722d9005bb811cb"
"_work/data/Music/orchestra/FOC_Day_Std.sgt","3942","2001-02-11 02:59:04","1626003a3b227aa9237d4da3150c6e63"
"_work/data/Music/orchestra/NCI_Day_Fgt.sgt","3954","2001-02-11 02:59:04","b4cd58f91769cde154cb602e887d3b2c"
"_work/data/Music/orchestra/NCI_Day_Std.sgt","3942","2001-02-11 02:59:04","521deb6195f8c9999a44ba0351df6eec"
"_work/data/Music/orchestra/OC_Day_Fgt.sgt","3960","2001-02-11 02:59:04","10a67ffd521b27603f2b08538bbcb6e5"
"_work/data/Music/orchestra/OC_Day_Std.sgt","4044","2001-02-11 02:59:04","4e5a09f4b8e38e21b3ae0ed29859bd19"
"_work/data/Music/orchestra/ORC_Day_Std.sgt","4014","2001-02-11 02:59:06","149404d2ed49fb03d7d7f413e472a30f"
"_work/data/Music/orchestra/OW_Day_Std.sgt","4104","2001-02-11 02:59:06","2ad88d5d901f4a99a1889f8c10c2445f"
"_work/data/Music/orchestra/PSI_Day_Fgt.sgt","3966","2001-02-11 02:59:06","a6c4b285f0dd5a521d7229a069b6f0a1"
"_work/data/Music/orchestra/PSI_Day_Std.sgt","3942","2001-02-11 02:59:04","1ac14dfd4329d9806605caa76a19fd3c"
"_work/data/Music/orchestra/PSI_Day_Thr.sgt","3942","2001-02-11 02:59:04","3a4b182ae8426b7a7ba7f62f1a9e6828"
"_work/data/Music/orchestra/PSI_Ngt_Std.sgt","3954","2001-02-11 02:59:04","fa3dd9cb62a3279d3a95715d70d2535a"
"_work/data/Music/orchestra/_BAN.sty","26774","2001-02-11 02:59:04","cf498108ee85e2b3f9ece06306f2c4c9"
"_work/data/Music/orchestra/_CAM.sty","57638","2001-02-11 02:59:04","cd5a04aecc1eca5cbd18502250d5a4f0"
"_work/data/Music/orchestra/_FOC.sty","18014","2001-02-11 02:59:04","f9c490c42d69f4034ab90377212849da"
"_work/data/Music/orchestra/_NCI.sty","47332","2001-02-11 02:59:04","5f7e0c75d9011fab31c965378d962e78"
"_work/data/Music/orchestra/_OC.sty","86378","2001-02-11 02:59:04","25cf0e0eb514203b46ee1173cf920233"
"_work/data/Music/orchestra/_ORC.sty","34454","2001-02-11 02:59:06","d9680451500a59ed8fae0e8c40483a4f"
"_work/data/Music/orchestra/_OW.sty","83566","2001-02-11 02:59:02","ff5a6c712011743e84e1b1a36e0d975c"
"_work/data/Music/orchestra/_PSI.sty","65722","2001-02-11 02:59:04","45d9408a0a05e89001e27afb50ba8ccf"
"_work/data/Music/orchestra/__Orchestra.dls","8225288","2001-02-11 02:59:02","2c38bcddfcc993182a35abc085f01f57"
"_work/data/PRESETS/DIALOGCAMS.ZEN","22842","2001-02-08 16:12:28","c0663b9d1a0976f2cdade0b7bbf49da8"
"_work/data/PRESETS/LIGHTPRESETS.ZEN","4037","2001-02-10 23:44:46","24cdca9e3d7512d6f28adb9bac520900"
"_work/data/PRESETS/lensflare.zen","2946","2000-11-21 14:35:46","b03131a957e95a5d65a5cd46824c5906"
"_work/data/Scripts/Content/cutscene/OU.BIN","2118927","2002-10-11 11:52:38","413194a3a801478bf58db7c33b82eecf"
"_work/data/Scripts/Content/cutscene/OU.CSL","2722351","2002-10-10 14:06:22","b4e0a67ee7dbdc0bb6f8be0174e70557"
"_work/data/Scripts/_compiled/CAMERA.DAT","7653","2002-10-11 11:53:24","f966ba2d9a8c51248f6ac7a63d93aef1"
"_work/data/Scripts/_compiled/FIGHT.DAT","30029","2002-10-11 11:52:46","cfa18ca6d68933cf83cbd82c22a494df"
"_work/data/Scripts/_compiled/GOTHIC.DAT","3589680","2002-10-11 11:52:46","9525d4011c28a34567de3961cb78bd1f"
"_work/data/Scripts/_compiled/MENU.DAT","102953","2002-10-11 11:52:46","ddd5b89b4f2e709936a9772d833ab6ee"
"_work/data/Scripts/_compiled/MUSIC.DAT","20112","2002-10-11 11:51:22","cd5b36e67dad9c8f1e538a1fbc038625"
"_work/data/Scripts/_compiled/OUINFO.INF","1322900","2001-06-26 12:47:08","cd8b86c0e473ea26557cee1924156398"
"_work/data/Scripts/_compiled/PARTICLEFX.DAT","347764","2002-10-11 11:51:24","61a4e1ce1da6333fb55b2a4631e7ed64"
"_work/data/Scripts/_compiled/SFX.DAT","184772","2002-10-11 11:51:22","a442586926bfadd369e25bc3e2bd30e8"
"_work/data/Scripts/_compiled/VISUALFX.DAT","90249","2002-10-11 11:52:26","20b620bb34bca98030ef81faa8b4b3be"
"_work/data/Textures/_compiled/FONT_15_WHITE-C.TEX","131108","2002-10-10 19:46:44","86a6c7add97e3ced09b8a213cf67efb0"
"_work/data/Textures/_compiled/FONT_15_WHITE.FNT","4380","2002-10-10 19:46:42","2850d48ad51639f2168c8e91bad3faa6"
"_work/data/Textures/_compiled/FONT_DEFAULT-C.TEX","131108","2002-10-10 19:46:00","86a6c7add97e3ced09b8a213cf67efb0"
"_work/data/Textures/_compiled/FONT_DEFAULT.FNT","4379","2002-10-10 19:45:46","b6f53a282acf143ff574827eb39da8d6"
"_work/data/Textures/_compiled/FONT_OLD_10_WHITE-C.TEX","131108","2002-10-10 19:46:08","86a6c7add97e3ced09b8a213cf67efb0"
"_work/data/Textures/_compiled/FONT_OLD_10_WHITE.FNT","4384","2002-10-10 19:45:56","24dc9dafa6c3b4b6ba5f9e843cda8474"
"_work/data/Textures/_compiled/FONT_OLD_10_WHITE_HI-C.TEX","131108","2002-10-10 19:46:08","68411c08ed0a047c2ae84dac405b2716"
"_work/data/Textures/_compiled/FONT_OLD_10_WHITE_HI.FNT","4387","2002-10-10 19:45:56","664e0ffacd61f8f8e7c4aeeb94b514d7"
"_work/data/Textures/_compiled/FONT_OLD_20_WHITE-C.TEX","524324","2002-10-10 19:46:04","355efb29047450082013e5a6a7efa33f"
"_work/data/Textures/_compiled/FONT_OLD_20_WHITE.FNT","4384","2002-10-10 19:45:58","b1f63e80c4453cca9f30f1c8f198796d"
"_work/data/Textures/_compiled/FONT_OLD_20_WHITE_HI-C.TEX","524324","2002-10-10 19:46:02","fe102b84a18ad7507dd18c8b12130cc2"
"_work/data/Textures/_compiled/FONT_OLD_20_WHITE_HI.FNT","4387","2002-10-10 19:45:58","63d07ac7ae652573789e5d6590fb4489"
"_work/data/video/credits.bik","39485108","2001-06-08 04:39:46","ab0f498230e9b40d5448263634e974f6"
"_work/data/video/credits_rus.bik","53534552","2002-10-11 12:04:44","9ce84493c941ad108c9d4b926535d957"
"_work/data/video/extro.bik","16978732","2001-02-17 01:53:06","62521fecb7be317feda64b3d92cb64b7"
"_work/data/video/greatprayer.bik","47402980","2002-10-03 11:05:16","3b42db409a4b9426852d163ebc569021"
"_work/data/video/intro.bik","65586476","2002-10-02 21:13:46","ea6ce79cbd7ca751788bb2739fdba1d8"
"_work/data/video/logo1.bik","19698568","2002-10-03 12:03:52","2dd667069e7f5651bce6e173e1d918d0"
"_work/data/video/logo2.bik","5498164","2001-02-11 07:22:50","8c884d1d189df418210a73c4f1c14f72"
"_work/data/video/oreheap.bik","19071868","2001-02-08 10:40:40","768a8634a1c9f2a48eb09458e9e4b760"
"_work/data/video/playerout.bik","228328","2002-10-02 19:04:20","615003b5dabba660b0ad1304c554c2ff"
"system/Autopan.flt","40960","2000-10-23 13:31:22","a902df3af2b7a25742ab6ee698892246"
"system/BugslayerUtil.dll","32827","1999-10-04 18:22:48","bae294eb9e1b5b7d078f6095440277ec"
"system/Capture.flt","33792","2000-10-23 13:31:06","e94b79b203d74ad330a4cf7453f88878"
"system/Chorus.flt","41984","2000-10-23 13:31:20","69c4e3c07d328f76928adb9361b449c4"
"system/Compress.flt","41472","2000-10-23 13:31:22","e212df4ca0895191944ddc06f83341d8"
"system/Flange.flt","41984","2000-10-23 13:31:18","501ceb3a2a26318c2565e96c433cbf6d"
"system/GOTHIC.INI","4881","2002-10-10 19:16:26","d6e020f08899c383898b17505c5f0503"
"system/Highpass.flt","40960","2000-10-23 13:31:08","d816208b7159a5b60d2ebb2e80cd5c57"
"system/IMAGEHL2.DLL","85264","1998-08-18 10:47:18","b237be8b61fffe4d6f4e8bedb1bc0f21"
"system/KillHelp.exe","35088","1999-09-08 16:47:24","88f1b78e344d0ce17451d1bfa71d27d3"
"system/Laginter.flt","45056","2000-10-23 13:31:24","af77646a32fd2bb4cdeaa7db94668982"
"system/Lowpass.flt","40960","2000-10-23 13:31:06","65c7e099a969dd42a9844136eae2e292"
"system/MSDBI.DLL","102672","1999-06-23 17:08:10","b63588548e8a8c76343d15bba49a0c4b"
"system/Mdelay.flt","41472","2000-10-23 13:31:10","b457bf19c11e3e21248985d4347def4f"
"system/Mp3dec.asi","126464","2000-10-23 13:30:36","0ddd01945e53b8c981354b6e7f1e7207"
"system/Mss32.dll","349184","2000-10-23 13:29:34","643cb31ed3742ad9035c50cc19a72b17"
"system/Mssfast.m3d","63488","2002-10-10 18:43:36","1f7301b989bde24fb00a4b40eae2c238"
"system/Mssv12.asi","142848","2000-10-23 13:31:04","74fc9ea813429b85f252182eb269407c"
"system/Mssv24.asi","134144","2000-10-23 13:31:02","c6812de4bb8e2df0f09f8b0b01761a25"
"system/Mssv29.asi","161280","2000-10-23 13:31:02","0083fe1c7890a81f93cc36e4ce9f50ee"
"system/Parmeq.flt","41472","2000-10-23 13:31:12","d62a2354d5a08c2c8c6903a64ed7af0a"
"system/Reverb1.flt","41984","2000-10-23 13:31:14","ab6264d96026c2713c82e883213947f3"
"system/Reverb2.flt","52736","2000-10-23 13:31:16","71eafc90a1648e946eba4fa5dfdd0aac"
"system/Reverb3.flt","56832","2000-10-23 13:31:16","e0cc0bfff257aa34b9f6c608a4a443c7"
"system/SHW32.DLL","124656","2000-10-11 20:08:30","becb4cb40468fc7b062365480ed6437b"
"system/Sdelay.flt","41472","2000-10-23 13:31:10","42e38d3768fdc3bf04ee38acaf49a5c1"
"system/Shelfeq.flt","52736","2000-10-23 13:31:20","e003e52e8b2b3492418f51847319121f"
"system/Vdfs32g.dll","91136","1999-11-30 20:11:58","7e224e4d5f361919c9ca153aa141eaee"
"system/binkw32.dll","291328","2000-10-18 17:41:20","f973105a6ffff23ee999303e0f6d8e6f"
"system/gedialogs.dll","573952","2000-10-11 20:08:26","2659ef843af95e5a013d7e3d3c0778d7"
"system/gothic.exe","8580524","2002-10-10 09:07:48","1d80b958e861f7d64cd3bb4f0398ef76"
"system/mallocwin32debug.dll","94208","2000-10-11 20:08:26","5776fec6f58bff23e70e6adef4c52de4"
"system/paths.d","2492","2000-10-18 18:20:14","33af2ce72bc35e21af3530992b7d26d3"
"system/player_poll.exe","471040","2002-10-10 20:27:54","cfefc69e00f0b6e5d4b8986cdb3238af"
"url/1c.url","45","2002-10-09 17:30:30","3a752c540d186c15d1c21ba9c6547b38"
"url/forum.url","70","2002-10-10 20:17:56","be85ba3d944587ef4baa72a647313f94"
"url/gothic.ico","8166","2002-10-10 19:56:28","a33cae33d964a49bcc8b7a3ee4371794"
"url/gothic.url","56","2002-10-10 19:48:52","bdd58fed8ba89e614b71eabe6feabb4d"
"url/opinion.url","82","2002-10-10 20:17:00","b854e25dde5dada9727b40f964a7dd7f"
"url/piranha.url","55","2002-10-10 20:08:48","98af7b12c1a82a448f25c4b19a69f0de"
"url/snowball.ico","4398","2001-08-21 10:18:24","d140a791560ed2a5b5f63cc24a9a2f25"
"url/snowball.url","51","2002-10-09 16:42:16","efd5197d5e184880e457570af3937b89"
