"DATA/ModVdf/dic_nonatureanis.mod","898795","2004-02-29 07:45:44","0286222b9580ca421cac235e8b5439ae"
"DATA/ModVdf/dic_speech.mod","228373372","2004-09-09 17:13:28","48476faae1244ca2bb778f3f1bcf03b5"
"DATA/ModVdf/diccuric.mod","208247375","2004-09-09 17:16:00","8c02e0d10dbb249e06eef5204d9270e0"
"DATA/ModVdf/gothicmod_vdfs","20","2002-05-01 01:08:12","6d081517b6d2cc401b20144985b48869"
"DATA/anims.VDF","30574351","2001-02-14 19:08:28","33b2181f7d1793c3bb65d0ad177b7273"
"DATA/fonts.vdf","7499727","2004-08-13 14:42:24","53a8f69fb73d5ecdc382709d4db2ad47"
"DATA/meshes.VDF","7735121","2001-02-13 17:42:08","8b32de306580fd3c85995ef99a83d631"
"DATA/sound.vdf","116718128","2004-08-13 14:39:16","e54b2ef939d5ad60f3acd463adc4334c"
"DATA/speech.vdf","629247736","2004-09-09 17:29:34","12e6e346567a8d28e9cbf2564ab545bd"
"DATA/textures.vdf","119173902","2004-08-16 09:38:48","2724742a535cbac24e81bd79bd17dc3b"
"DATA/worlds.VDF","67881336","2001-02-16 21:38:28","73c36e4382c60b4e455e188e0f241122"
"Manual.pdf","1392476","2004-09-10 14:07:32","581cbd94c22b8224e6ed76e0524eead6"
"Readme.htm","20384","2004-09-10 17:04:00","2bb4a733f3a551d660667b64ff22e2b5"
"VDFS.CFG","58","2002-05-01 01:08:12","f9ae7a3b576d749116b72af99d99aba2"
"VDFS.DMP","1501411","2004-08-30 11:07:52","b5f55c7614933930f680e032c98ad79e"
"_work/DATA/Music/diccuric/DIC_Day_Std.sgt","512","2004-04-03 00:38:18","96f4e9fe449577896723b5e98f9749d7"
"_work/DATA/Music/dungeon/Dungeons.dls","9811476","2001-02-11 02:55:18","47f72ac2c02aae6639169b1af4eeb3b0"
"_work/DATA/Music/dungeon/OGY_Day_Fgt.sgt","2726","2001-02-11 02:55:20","41b994f0fba4e2f7805bf4cbcf62e3c4"
"_work/DATA/Music/dungeon/OGY_Day_Std.sgt","2736","2001-02-11 02:55:20","c5a362b2b1dc1a256b7fef3c0b4fbb91"
"_work/DATA/Music/dungeon/OLM_Day_Fgt.sgt","2726","2001-02-11 02:55:20","a81cfcc2b4f981939be13fca9b88d103"
"_work/DATA/Music/dungeon/OLM_Day_Std.sgt","2774","2001-02-11 02:55:18","d7b71806525a752abf2e57295526dfa6"
"_work/DATA/Music/dungeon/OLM_Day_Thr.sgt","2714","2001-02-11 02:55:20","590e658054ecba9cd55bea8d07902707"
"_work/DATA/Music/dungeon/_OGY.sty","6634","2001-02-11 02:55:20","1441343fa7ade742b3606cbcb13eecc0"
"_work/DATA/Music/dungeon/_OLM.sty","29310","2001-02-11 02:55:18","66cb3514a69c31c9c7674a45296ede5a"
"_work/DATA/Music/menu_men/Menu.sgt","2128","2001-01-25 10:15:28","2bc92cd1bb8e348d1c47757017127c1a"
"_work/DATA/Music/menu_men/menu.sty","2580","2001-01-25 10:15:28","655c050261aa2c7bb93ba8b1a187d966"
"_work/DATA/Music/menu_men/menu_MEN.dls","9711574","2001-01-25 10:15:28","f58505ec89f544d9d58d16d9531c4762"
"_work/DATA/Music/orchestra/BAN_Day_Std.sgt","3978","2001-02-11 02:59:04","c4afe1b599d1d2b1a2c429694d2c26f4"
"_work/DATA/Music/orchestra/CAM_Day_Fgt.sgt","3942","2001-02-11 02:59:04","c54dfa5a14968b538351ed27c41d0d87"
"_work/DATA/Music/orchestra/CAM_Day_Std.sgt","3954","2001-02-11 02:59:04","5bf6e8ef0df85da1befc8274ed4c249e"
"_work/DATA/Music/orchestra/CAM_Day_Thr.sgt","3942","2001-02-11 02:59:04","986bb327da979de5d65ff2bc2e625686"
"_work/DATA/Music/orchestra/CAM_Ngt_Std.sgt","3942","2001-02-11 02:59:04","c18d733422b500fd237bc3646b39e79e"
"_work/DATA/Music/orchestra/Default.sgt","3934","2001-02-11 02:59:06","d87d5da71fd03b4d1722d9005bb811cb"
"_work/DATA/Music/orchestra/FOC_Day_Std.sgt","3942","2001-02-11 02:59:04","1626003a3b227aa9237d4da3150c6e63"
"_work/DATA/Music/orchestra/NCI_Day_Fgt.sgt","3954","2001-02-11 02:59:04","b4cd58f91769cde154cb602e887d3b2c"
"_work/DATA/Music/orchestra/NCI_Day_Std.sgt","3942","2001-02-11 02:59:04","521deb6195f8c9999a44ba0351df6eec"
"_work/DATA/Music/orchestra/OC_Day_Fgt.sgt","3960","2001-02-11 02:59:04","10a67ffd521b27603f2b08538bbcb6e5"
"_work/DATA/Music/orchestra/OC_Day_Std.sgt","4044","2001-02-11 02:59:04","4e5a09f4b8e38e21b3ae0ed29859bd19"
"_work/DATA/Music/orchestra/ORC_Day_Std.sgt","4014","2001-02-11 02:59:06","149404d2ed49fb03d7d7f413e472a30f"
"_work/DATA/Music/orchestra/OW_Day_Std.sgt","4104","2001-02-11 02:59:06","2ad88d5d901f4a99a1889f8c10c2445f"
"_work/DATA/Music/orchestra/PSI_Day_Fgt.sgt","3966","2001-02-11 02:59:06","a6c4b285f0dd5a521d7229a069b6f0a1"
"_work/DATA/Music/orchestra/PSI_Day_Std.sgt","3942","2001-02-11 02:59:04","1ac14dfd4329d9806605caa76a19fd3c"
"_work/DATA/Music/orchestra/PSI_Day_Thr.sgt","3942","2001-02-11 02:59:04","3a4b182ae8426b7a7ba7f62f1a9e6828"
"_work/DATA/Music/orchestra/PSI_Ngt_Std.sgt","3954","2001-02-11 02:59:04","fa3dd9cb62a3279d3a95715d70d2535a"
"_work/DATA/Music/orchestra/_BAN.sty","26774","2001-02-11 02:59:04","cf498108ee85e2b3f9ece06306f2c4c9"
"_work/DATA/Music/orchestra/_CAM.sty","57638","2001-02-11 02:59:04","cd5a04aecc1eca5cbd18502250d5a4f0"
"_work/DATA/Music/orchestra/_FOC.sty","18014","2001-02-11 02:59:04","f9c490c42d69f4034ab90377212849da"
"_work/DATA/Music/orchestra/_NCI.sty","47332","2001-02-11 02:59:04","5f7e0c75d9011fab31c965378d962e78"
"_work/DATA/Music/orchestra/_OC.sty","86378","2001-02-11 02:59:04","25cf0e0eb514203b46ee1173cf920233"
"_work/DATA/Music/orchestra/_ORC.sty","34454","2001-02-11 02:59:06","d9680451500a59ed8fae0e8c40483a4f"
"_work/DATA/Music/orchestra/_OW.sty","83566","2001-02-11 02:59:02","ff5a6c712011743e84e1b1a36e0d975c"
"_work/DATA/Music/orchestra/_PSI.sty","65722","2001-02-11 02:59:04","45d9408a0a05e89001e27afb50ba8ccf"
"_work/DATA/Music/orchestra/__Orchestra.dls","8225288","2001-02-11 02:59:02","2c38bcddfcc993182a35abc085f01f57"
"_work/DATA/PRESETS/DIALOGCAMS.ZEN","22842","2001-02-08 16:12:28","c0663b9d1a0976f2cdade0b7bbf49da8"
"_work/DATA/PRESETS/LIGHTPRESETS.ZEN","4037","2001-02-10 23:44:46","24cdca9e3d7512d6f28adb9bac520900"
"_work/DATA/PRESETS/lensflare.zen","2946","2000-11-21 14:35:46","b03131a957e95a5d65a5cd46824c5906"
"_work/DATA/TEXTURES/_COMPILED/FONT_10_BOOK-C.TEX","131108","2004-08-09 17:55:18","41f01000862e862db146dad094f756ba"
"_work/DATA/TEXTURES/_COMPILED/FONT_10_BOOK.FNT","4379","2004-08-16 09:56:02","17fc807e3d819ed61307778e7bae2434"
"_work/DATA/TEXTURES/_COMPILED/FONT_10_BOOK_HI-C.TEX","131108","2004-08-09 17:55:26","41f01000862e862db146dad094f756ba"
"_work/DATA/TEXTURES/_COMPILED/FONT_15_BOOK-C.TEX","524324","2004-08-31 16:37:16","1d485a730c2d3d3b2aa818763e797b79"
"_work/DATA/TEXTURES/_COMPILED/FONT_15_BOOK.FNT","4379","2004-08-31 16:40:08","238a45e91f44560e83f2e365522e343b"
"_work/DATA/TEXTURES/_COMPILED/FONT_15_BOOK_HI-C.TEX","524324","2004-08-31 16:36:48","1d485a730c2d3d3b2aa818763e797b79"
"_work/DATA/TEXTURES/_COMPILED/FONT_15_WHITE-C.TEX","131108","2004-08-09 17:39:08","a37647cc32267b3383625f10776f1548"
"_work/DATA/TEXTURES/_COMPILED/FONT_15_WHITE.FNT","4379","2004-08-16 09:56:02","577359965bcec34a50784e5f45aa1bae"
"_work/DATA/TEXTURES/_COMPILED/FONT_15_WHITE_HI-C.TEX","131108","2004-08-09 17:39:16","770d38dbe1cdb5a6b88411ac0988e402"
"_work/DATA/TEXTURES/_COMPILED/FONT_DEFAULT-C.TEX","131108","2004-08-09 17:39:26","40ca3705bbda3908ec7ac9e88943c359"
"_work/DATA/TEXTURES/_COMPILED/FONT_DEFAULT.FNT","4379","2004-08-16 09:56:02","577359965bcec34a50784e5f45aa1bae"
"_work/DATA/TEXTURES/_COMPILED/FONT_OLD_10_WHITE-C.TEX","131108","2004-08-09 17:39:34","387bcb96f4e693b4d6bb3a6537817f1a"
"_work/DATA/TEXTURES/_COMPILED/FONT_OLD_10_WHITE.FNT","4384","2004-08-16 09:56:02","cba92f672950eb26d0017e61f157fa29"
"_work/DATA/TEXTURES/_COMPILED/FONT_OLD_10_WHITE_HI-C.TEX","131108","2004-08-09 17:39:44","0f7a38a32d5674717510cde4549983eb"
"_work/DATA/TEXTURES/_COMPILED/FONT_OLD_10_WHITE_HI.FNT","4387","2004-08-16 09:56:02","8cca9a64e4bc760c8e29ede79bfff950"
"_work/DATA/TEXTURES/_COMPILED/FONT_OLD_20_WHITE-C.TEX","524324","2004-08-09 17:39:48","eabf75bbca40f779990e27209164f4d2"
"_work/DATA/TEXTURES/_COMPILED/FONT_OLD_20_WHITE.FNT","4384","2004-08-16 09:56:02","68d7ad2614fbf02f438fc66cbb9e919f"
"_work/DATA/TEXTURES/_COMPILED/FONT_OLD_20_WHITE_HI-C.TEX","524324","2004-08-09 17:40:00","bae9aa7d8c995d94b5fe9ffc3cda5497"
"_work/DATA/TEXTURES/_COMPILED/FONT_OLD_20_WHITE_HI.FNT","4387","2004-08-16 09:56:02","da70c580263e31341a929e43d5834b2f"
"_work/DATA/scripts/_compiled/CAMERA.DAT","7653","2001-04-24 18:46:42","498446d5409d1c2c66ee1d4b92d7af80"
"_work/DATA/scripts/_compiled/FIGHT.DAT","30029","2001-04-24 18:46:28","66c5bca9f1818d667c90454103c91856"
"_work/DATA/scripts/_compiled/GOTHIC.DAT","3589029","2004-09-10 16:32:16","5253d46576abfec4779e41aba145939d"
"_work/DATA/scripts/_compiled/MUSIC.DAT","20112","2001-04-24 18:45:58","ea67fb7229082a227ee5543da8ce5c86"
"_work/DATA/scripts/_compiled/PARTICLEFX.DAT","347764","2001-04-24 18:46:00","14452f2c64d5d1b0d88f7b7044e8af4b"
"_work/DATA/scripts/_compiled/SFX.DAT","184772","2001-04-24 18:45:58","e32c21eda78980df36e88c8c4c97dc63"
"_work/DATA/scripts/_compiled/VISUALFX.DAT","90249","2001-04-24 18:46:06","cc2a6241403aa0dab1435a3e21ecc3d0"
"_work/DATA/scripts/_compiled/menu.DAT","103321","2004-09-09 17:50:00","ebc1ad213dda0a39e791a0a66df925d9"
"_work/DATA/scripts/content/CUTSCENE/OU.BIN","1670544","2004-09-09 17:51:14","2271e9e68418ad6d22228c8b1f4dd988"
"_work/DATA/video/credits.bik","68545276","2004-08-25 14:50:48","e8a595b4a1ac4abe617c8c240b1fb683"
"_work/DATA/video/diccuric/credits.bik","4340928","2004-08-26 09:36:02","3955a7417175be23fb92a4324dbec413"
"_work/DATA/video/diccuric/intro.bik","34314960","2004-08-21 14:34:42","84b300d971ba550fe217e97878116739"
"_work/DATA/video/extro.bik","16978732","2001-02-17 01:53:06","62521fecb7be317feda64b3d92cb64b7"
"_work/DATA/video/greatPrayer.bik","66829580","2004-08-16 16:26:12","66fcbf70d146a3780b0bf1f024a5a9e4"
"_work/DATA/video/intro.bik","57920480","2004-08-25 14:25:52","47bdb81155b24f7dffb4778a8c7683dc"
"_work/DATA/video/logo1.bik","3658420","2004-08-16 16:43:40","aaa3a93364b4fef1707fe15ec3e61df8"
"_work/DATA/video/logo2.bik","5498164","2001-02-11 07:22:50","8c884d1d189df418210a73c4f1c14f72"
"_work/DATA/video/oreheap.bik","19071868","2001-02-08 10:40:40","768a8634a1c9f2a48eb09458e9e4b760"
"_work/DATA/video/playerout.bik","689148","2004-08-16 16:26:30","2ce20c223fdcd3c45d0b5e62b65f9244"
"license.txt","3096","2003-06-29 14:06:40","714e0c15999c5f3c7bb129fc54200cf5"
"links/Recycle.ico","2238","2003-11-15 21:00:04","4512eb4df9b49a5066bca7ae0507510d"
"links/boolat.url","91","2004-01-24 16:04:38","c6de2171ff58d472a4452bcd0eaa0475"
"links/iexplore.ico","3262","2003-02-18 10:57:46","84493dc7d974275e5c1fc987ef3e902f"
"links/pb.url","105","2004-08-19 12:09:10","48bb810b6cff9a3a5d5db4227dccdf3c"
"links/russobit-m.url","97","2004-01-24 14:04:12","f5f74a164e8c3296724d5641c9e164a6"
"miles/Mssa3d.m3d","52224","2001-10-16 06:01:04","f8ca6fd4d6740098845d585477e18efd"
"miles/Mssa3d2.m3d","61952","2001-10-16 06:01:04","4d617faceb9c11ae1b774ff379ffd789"
"miles/Mssdolby.m3d","65536","2001-10-16 06:01:04","ae1a2411ab5a35b039225a7560c25b84"
"miles/Mssds3dh.m3d","51200","2001-10-16 06:01:04","22a54539925f38df939be9be8d93f228"
"miles/Mssds3ds.m3d","50688","2001-10-16 06:01:04","d79997e28cefa60c2005ab09f7c10391"
"miles/Mssdx7sh.m3d","51712","2001-10-16 06:01:04","9fb041c26de35f876d0351df0fd18462"
"miles/Mssdx7sl.m3d","51712","2001-10-16 06:01:04","489f8c5b5efcaee49a3c4b3ee8fcc718"
"miles/Mssdx7sn.m3d","51712","2001-10-16 06:01:04","9bd5cf6c6f77f1929678ebbfe571ad23"
"miles/Msseax.m3d","54272","2001-10-16 06:01:04","a41ee7c9a7cac1d82293d0958443eff2"
"miles/Msseax2.m3d","70144","2001-10-16 06:01:04","ab2a7654ffa6bc2de70668c95d8ac911"
"miles/Mssfast.m3d","64000","2001-10-16 06:01:04","2cbe888723b40863c4a3b52ee4a4013c"
"miles/Mssrsx.m3d","354304","2001-10-16 06:01:04","7b94cda32126e3d2601dc5551657ea5a"
"saves/Current/empty.txt","0","2004-09-11 12:02:40","d41d8cd98f00b204e9800998ecf8427e"
"system/Autopan.flt","40960","2001-10-16 06:01:04","9bf0a66557ed7f08569971371625f166"
"system/BugslayerUtil.dll","32827","1999-10-04 18:22:48","bae294eb9e1b5b7d078f6095440277ec"
"system/Capture.flt","33792","2001-10-16 06:01:04","db2d623cc1168ad884f7073268ef37a5"
"system/Chorus.flt","41984","2001-10-16 06:01:04","5309c05b714f7106d997f4f15e642381"
"system/Compress.flt","40960","2001-10-16 06:01:04","aef7e0a52d1aaf2313af7afa0efc642e"
"system/Flange.flt","41984","2001-10-16 06:01:04","2e1c172efcb9c1811e8731364fabde8a"
"system/GOTHIC.INI","4888","2004-08-28 15:39:58","e65ff91dbf4687bd85a4ac6fb60408e5"
"system/GothicGame.ini","1082","2004-08-02 11:15:14","904b84a67f8f05f7db2351167dd7720f"
"system/GothicMod.exe","8518352","2004-08-05 11:10:18","25e30d7f6f8cc7e0e34c0be5169ff672"
"system/GothicStarter.exe","434176","2004-08-05 11:06:04","3e64af0f162f5975f0df9b1e6dd70cc4"
"system/Highpass.flt","40960","2001-10-16 06:01:04","0cb5a666b19f4c14c0ede85201bbf1e1"
"system/IMAGEHL2.DLL","85264","1998-08-18 10:47:18","b237be8b61fffe4d6f4e8bedb1bc0f21"
"system/KillHelp.exe","35088","1999-09-08 16:47:24","88f1b78e344d0ce17451d1bfa71d27d3"
"system/Laginter.flt","45056","2001-10-16 06:01:04","5417cc8731189eaacc166b812890f126"
"system/Lowpass.flt","40960","2001-10-16 06:01:04","1311f6ff2dc889533eef0628c451b02a"
"system/MSDBI.DLL","102672","1999-06-23 17:08:10","b63588548e8a8c76343d15bba49a0c4b"
"system/MSSFAST.M3D","64000","2004-08-30 11:07:06","2cbe888723b40863c4a3b52ee4a4013c"
"system/Mdelay.flt","41472","2001-10-16 06:01:04","442f91307a328acab91cd93cac465509"
"system/Mp3dec.asi","125952","2001-10-16 06:01:04","578ebc049301d46df3e410999b824c51"
"system/Mss32.dll","348160","2001-10-16 06:01:04","5e47d5d00c3e15b5cd8e76e499f0b12d"
"system/Mssv12.asi","142848","2001-10-16 06:01:04","4d25f14d4066f273635e7b7eb0cf3290"
"system/Mssv24.asi","134144","2001-10-16 06:01:04","89402a6db076164b6b3263a3109e8ba5"
"system/Mssv29.asi","161280","2001-10-16 06:01:04","43a8b09c2535c418ce051c2b93703037"
"system/PROTECTOR.MSG","173","2001-02-17 02:55:46","0dde05a29fb2c51677fc34f8b964b84e"
"system/PROTECTOR.TMP","173","2001-02-17 02:55:46","0dde05a29fb2c51677fc34f8b964b84e"
"system/Parmeq.flt","41472","2001-10-16 06:01:04","4e0059f0cd83139b6444ed7d58e6b561"
"system/Reverb1.flt","41984","2001-10-16 06:01:04","7780738beb3e0367451c3a1a70f918c4"
"system/Reverb2.flt","52736","2001-10-16 06:01:04","365aa74f237c2b692bc64b5b638ba857"
"system/Reverb3.flt","56832","2001-10-16 06:01:04","e1141db310d639eaee53ec5feba0d731"
"system/SHW32.DLL","124656","2000-10-11 20:08:30","becb4cb40468fc7b062365480ed6437b"
"system/Sdelay.flt","41472","2001-10-16 06:01:04","61aef9e49b36cc6b20a77b32b03a1c79"
"system/Shelfeq.flt","52736","2001-10-16 06:01:04","ea94d7918ccd671c11d95c1fd9e9206b"
"system/Vdfs32g.dll","91136","1999-11-30 20:11:58","7e224e4d5f361919c9ca153aa141eaee"
"system/binkw32.dll","291328","2000-10-18 17:41:20","f973105a6ffff23ee999303e0f6d8e6f"
"system/diccuric.ini","805","2004-08-31 15:36:38","2c8fe1cf89b9db3614d8d026ab61b698"
"system/diccuric_noNA.ini","848","2004-08-31 15:36:48","ff78fe0316ed37405d7f85e00bd9e34e"
"system/gedialogs.dll","573952","2000-10-11 20:08:26","2659ef843af95e5a013d7e3d3c0778d7"
"system/gothic.RPT","76004","2004-08-09 15:59:30","0b5972d1204a9bb86c39e916d5a23003"
"system/gothicmod.RPT","568","2004-08-11 13:36:04","865a81d2265ba49c954ad8c9e3a5564e"
"system/mallocwin32debug.dll","94208","2000-10-11 20:08:26","5776fec6f58bff23e70e6adef4c52de4"
"system/paths.d","2492","2000-10-18 18:20:14","33af2ce72bc35e21af3530992b7d26d3"
"Галерея/Babe1.jpg","127631","2000-02-10 18:15:44","8bc34ca977d3b26d3e0b0829e91ace3e"
"Галерея/Babe1a.jpg","124010","2000-02-14 11:27:30","056ce860479fc8f1756f009b750ba901"
"Галерея/Babe1b.jpg","125572","2000-02-14 11:26:00","f647336870a993afa75e80f7ba956acb"
"Галерея/Babe1c.jpg","102788","2000-02-14 11:37:56","43b8e287e93307e73c1b37817e6f90e6"
"Галерея/Babe1e.jpg","121378","2000-02-14 11:44:32","91961ec7ef52140c3a7b6fc50f9760c5"
"Галерея/Babe2.jpg","89150","2000-02-11 14:17:34","29a562d3dc1b4c343b973bf6632c59f2"
"Галерея/Babe2a.jpg","99386","2000-02-11 14:23:50","f271a861958ee098dc2d1520fce813d0"
"Галерея/Babe2b.jpg","85383","2000-02-14 10:53:58","b1e5cd55e52396bcb2f876c3ed8a7403"
"Галерея/Babe2c.jpg","104595","2000-02-14 11:12:04","8f74d716a2309f09dfa6aa62d6eb5756"
"Галерея/Babe2d.jpg","94403","2000-02-14 11:14:44","858d4149dc3b93096702f257795a2610"
"Галерея/Babe3.jpg","84376","2000-02-15 14:59:40","1ca3d6d01d9e33c2828835b7d21d76b5"
"Галерея/Babe3b.jpg","83147","2000-02-15 14:35:54","967c156ea969c24451394a61b49d1a83"
"Галерея/Babe3c.jpg","78347","2000-02-15 14:57:00","44c1dd7f29051593c1a83b17e63c117e"
"Галерея/Babe_Blackc.jpg","243495","2000-07-18 11:21:56","4b11be0b1580fd041ff35f6000a8295d"
"Галерея/Babe_Blass.jpg","248063","2000-07-21 11:24:12","cb9f83c661d850506e932c19aab452fd"
"Галерея/Babe_Latino.jpg","224091","2000-07-19 14:57:38","86ed2305e5ed3660baa4cde54564eaf1"
"Галерея/Babe_Latino1.jpg","103997","2000-07-19 19:02:00","293f40d5b31673353569a86f42ea4b23"
"Галерея/Blood-Fly.jpg","86310","2000-03-31 09:40:44","76a934c96183dd60b4eae01d2e668b9d"
"Галерея/Buddler_leicht.jpg","63632","2000-02-17 16:29:48","94f514b9dce2dfddca04606d43b9f84c"
"Галерея/Buddler_mittel.jpg","78730","2000-02-17 16:33:16","54ae275f9390861af0443a5911747280"
"Галерея/CrawlerQueen.jpg","488205","2000-03-27 14:36:28","e382c146a06a164c70600180d90f1430"
"Галерея/CrawlerQueen2.jpg","567293","2000-03-27 17:22:58","79fbb1b75ec222c12258d4028d642de8"
"Галерея/Das Paar.jpg","116479","2000-02-16 08:57:54","3a0bb497f80dedc40b85b86e78eab4f9"
"Галерея/Demon.jpg","136332","2000-03-21 13:17:12","89320bb1ecc114a708134572d1180c74"
"Галерея/Demon1.jpg","125638","2000-12-18 14:31:00","8eba66c73769e11e7298912e9a95d4d4"
"Галерея/Demon2.jpg","166743","2000-11-07 12:08:54","74e28eb0d73579442fa66893a76874a3"
"Галерея/Eisgolem.jpg","261174","2000-11-10 10:23:16","09b3ef30b288863c33fafb50c9fab761"
"Галерея/Erzbaron 2.jpg","29625","2000-01-21 10:37:08","3dd50d07cfbedd3a213ab21b7afe725b"
"Галерея/Erzbaron 2b.jpg","127048","2000-02-17 17:30:20","ab852751f9d7f0ada8395a403e64d0af"
"Галерея/Erzbaron 3.jpg","58216","2000-01-24 16:41:26","f8763e0adab816b9314076ffb607baa3"
"Галерея/Erzbaron 3w.jpg","251891","2000-01-24 17:31:40","f0fd5e3c7154c79ed613464288a7b18a"
"Галерея/Erzbaron 3w2.jpg","214686","2000-01-24 17:47:30","281f8f04ff0579046a4eea48e3ee7de6"
"Галерея/Feuermagier_hard.jpg","154777","2000-05-26 14:27:06","4a843d248c85c8ab70e874a7884c2b6b"
"Галерея/Feuermagier_light.jpg","92307","2000-02-17 16:51:04","281571cfafe6c646ddb8b193e247f8b5"
"Галерея/Final-Babe01.jpg","253134","2000-10-24 09:43:38","4b3397c8a3e641e474232fcd7c175d86"
"Галерея/Final-Babe01a.jpg","316112","2000-10-24 10:57:20","4bb1c881696c507532adfb4328d9e414"
"Галерея/Final-Babe02.jpg","230153","2000-10-24 10:03:34","36a2129ecd001e93b510c654035bbdf9"
"Галерея/Final-Babe02a.jpg","287645","2000-10-24 10:58:00","a9ea426ff0cb68ae0ae3096a04da9a8f"
"Галерея/Final-Babe02b.jpg","222986","2000-10-24 10:08:38","bc938fbe6ec5f797160a71131c717f4d"
"Галерея/Final-Babe03.jpg","205616","2000-10-23 17:09:04","e5243de4b2efb85d57959bbca3d09695"
"Галерея/Final-Babe03a.jpg","242444","2000-10-24 10:58:38","59d0aff2210d97e2097c0111fd5b9552"
"Галерея/Final-Babe03b.jpg","212342","2000-10-24 08:02:06","81677828975a9dcc4993330165c63304"
"Галерея/Final-Babe03c.jpg","249177","2000-10-24 09:48:38","19e9eb6c02402a335d9244be01e45018"
"Галерея/Final-Babe03d.jpg","208988","2000-10-24 09:50:34","2db81f659d6608be3d7ac5b780c36576"
"Галерея/Final-Babe04.jpg","229762","2000-10-24 10:16:04","f9eb765e50a906a05dfc944ecb47b4ae"
"Галерея/Final-Babe04a.jpg","241424","2000-10-24 11:05:12","37880d70a737d47a3eb4ac6df93b8beb"
"Галерея/Final-Babe04b.jpg","209382","2000-10-24 10:22:30","a240f29b7166fdb21797a23138f2d0fa"
"Галерея/Final-Babe04c.jpg","204694","2000-10-24 10:24:30","a0d5e3bd779d0e986349caac9009c960"
"Галерея/Final-Babe05.jpg","228883","2000-10-24 13:41:58","4fbf0d27d763d24c2ccd40a17eb08277"
"Галерея/Final-Babe05a.jpg","277088","2000-10-24 13:58:00","ccfd91c91f250dddef812299c9769969"
"Галерея/Final-Babe05b.jpg","226452","2000-10-24 13:44:32","84120273c822529146154300f5fd48e7"
"Галерея/Final-Babe05d.jpg","228403","2000-10-24 10:53:18","5bc7927005b820afd7b1e526febbe6ff"
"Галерея/Final-Babe06.jpg","96912","2000-10-25 11:46:10","1e4541f5cc039fa038cf0bb07bca4a8c"
"Галерея/Final-Babe06a.jpg","114399","2000-10-25 11:52:56","6dd55fb992103f1d23fb389389820a88"
"Галерея/Final-Babe06b.jpg","94265","2000-10-25 11:58:50","03586ac013fc08ffe3cf2dc0889355d7"
"Галерея/Final-Babe06c.jpg","116306","2000-10-25 12:05:28","f7e2d56a10a8e5ab3fb2e35d86d52e3f"
"Галерея/Final-Babe06d.jpg","94991","2000-10-25 12:15:34","a9a3e7ce2507d0d0e3f2d5d798ec461e"
"Галерея/Final-Babe06e.jpg","91417","2000-10-25 12:16:36","e2fbd22743f04c1a779b31ec2d72009f"
"Галерея/Final-Babe07.jpg","230832","2000-10-24 12:09:26","6c0969f73fc53606dcd4b6bb9ad6490e"
"Галерея/Final-Babe07a.jpg","298490","2000-10-24 12:30:12","b3b0ed24e4ee195011dc34fa40d5bcff"
"Галерея/Final-Babe07b.jpg","226950","2000-10-24 12:11:04","b66592c8479f9103f3155d56e932d67c"
"Галерея/Firegolem.jpg","369639","2000-11-10 10:40:16","ec5ad596df648b75db17da8edf13c294"
"Галерея/Firewaran.jpg","147351","2000-11-13 15:16:24","572520d67cbb38d7b205e30881947ee0"
"Галерея/Firewaran2.jpg","163263","2000-12-18 16:22:16","943f0d0b4c97ee926c243bf4cafb0726"
"Галерея/Garde_hard.jpg","262950","2000-07-04 08:29:00","529dcd05d689b7f5a68f28bcb5b35773"
"Галерея/Garde_light.jpg","18895","1999-11-30 13:33:02","d31b1eae2bc23e0485fce6a58358b79d"
"Галерея/Garde_medium.jpg","22171","1999-11-30 13:21:08","1c1ada6fb3cd6b89a25f3d8134ee6571"
"Галерея/Gobbo.jpg","51776","2000-03-01 18:10:40","677eb71ed3ee56f2bb54ac285f321a0e"
"Галерея/Gobbo_neu.jpg","118706","2000-09-06 08:12:30","0fdbaa0e7678462da23f456f95c47d3e"
"Галерея/Golem.jpg","136798","2000-04-18 13:34:30","e02286419e7312bb28822ef9ac48404f"
"Галерея/Guru_hard.jpg","40090","2000-06-27 11:13:44","fd28675a7165a486396e0bd2f4d1e4ec"
"Галерея/Guru_medium.jpg","75914","2000-02-17 16:44:44","47e6038b8e793810f91dc4a2a07eba77"
"Галерея/Harpie vs Erzbaron v2.jpg","201303","2000-12-07 10:08:30","53ba8989fc24ae69edd05b5fce7fc6b8"
"Галерея/Harpie vs Erzbaron v3.jpg","239779","2000-12-07 10:11:20","e04806ad3ed9a98c652d3c9b335fc080"
"Галерея/Harpie.jpg","220878","2000-12-01 14:28:52","3164e50f9d9f09fbe7f13cc40cf1af93"
"Галерея/Harpieh.jpg","93141","2000-12-01 15:05:52","37b1e31713899e8bbc3a886f06a11907"
"Галерея/Ich mag Donky Kong.jpg","117502","1999-12-27 10:17:02","57f527117e336351318bc4b4903d19ee"
"Галерея/Lurker.jpg","108532","2000-03-06 14:10:16","7581757bfca054d6a53be87cc30e4b59"
"Галерея/Minecrawler.jpg","65588","2000-03-01 13:55:56","8e2d964f288f5ca90e7c1ce7847c39ef"
"Галерея/Minecrawler_neu.jpg","121268","2000-09-07 23:36:50","80dab1add2a82aabd0c31cd0aa0674a7"
"Галерея/Minecrawler_neu2.jpg","190571","2000-10-31 15:45:14","9d07a4e4d54aedc912502e93d52f6f6b"
"Галерея/Minecrawler_neu3.jpg","107088","2000-11-10 17:34:28","d6fffa6684c6cc614177547066ebf202"
"Галерея/Nacktmesch.jpg","235081","2000-03-02 16:54:54","e20389620e3d45dc6027191725d024b1"
"Галерея/Novice_hard.jpg","242138","2000-07-10 16:33:46","869b56cbf09f62599727a0394646683d"
"Галерея/Novice_light.jpg","77789","2000-02-17 16:40:34","37ffdaaa9cd4f83755870daaabe1970c"
"Галерея/Orc-Dog-neu.jpg","131847","2000-11-10 14:32:36","52dfa1ca9d09512b87d1334f790dd80a"
"Галерея/Orc-Dog.jpg","102868","2000-02-24 14:24:38","c3deec1cb1a582b385ae13dec0275276"
"Галерея/Orc_Shamane.jpg","156645","2000-09-01 12:05:54","da6d495e71151ee9a37217cc507f2c68"
"Галерея/Orc_Shamane2.jpg","64359","2000-09-01 14:16:26","746a1d3a66d792bf993e75d3183930f3"
"Галерея/Orc_untoter_Hohepriester.jpg","169174","2000-11-24 11:59:38","7753e09551f528a90a0190eeca79870c"
"Галерея/Orc_untoter_Tempelkrieger.jpg","130522","2000-11-24 11:51:10","b1e78eadc7c702636bac559a1b98d770"
"Галерея/Organisator_Light.jpg","78739","2000-02-17 17:01:48","3be5a90118b73dd2840460d8471b11f9"
"Галерея/Organisator_hard.jpg","274434","2000-07-10 08:31:30","be8f98537718be05257c273b7b3bed26"
"Галерея/Organisator_medium.jpg","75290","2000-02-17 17:00:50","e7162826b68dc0a38f2aae9e05f46703"
"Галерея/Scavenger.jpg","164070","2000-02-29 20:11:56","19acc8da3459d067c26d4f11957cf508"
"Галерея/Scavenger2-Orcdog.jpg","121252","2000-11-15 17:33:54","1f508465655dc782d4544ee9393ad7a5"
"Галерея/Schuerfer.jpg","93284","2000-07-11 16:48:42","a51ac9593b02e956c86d94531bd5f91f"
"Галерея/Shadow.jpg","202308","2000-07-04 07:53:32","f2c70de09528222455f77e7d0a468e2c"
"Галерея/Shadow_hard.jpg","132385","2000-10-27 13:30:36","cbd14bc5f13f5ba8fa49d52a8c9a0648"
"Галерея/Shadowbeast.jpg","158156","2000-06-08 16:22:38","3c2041c02d8c1bb3cfc79471cc0718c4"
"Галерея/Skelett-fly.jpg","91053","2000-11-10 14:00:00","bb304327c4b55edba5efbaa7fc0b32a4"
"Галерея/Skelett.jpg","42216","2000-09-07 11:23:14","4234f23d68f6b96c2fcf9b075e55476f"
"Галерея/Skelett_b.jpg","77242","2000-09-12 17:09:16","87474e293e8a7665bf8f15371bd1c2a9"
"Галерея/Skelett_c.jpg","71351","2000-09-14 11:46:38","94b9d2ed00a6a5e9e67f8a1ef7965d6a"
"Галерея/Skelette.jpg","209412","2000-09-14 11:34:04","8dd704028947cc8069e423cbfafff73d"
"Галерея/Skelette_back.jpg","182552","2000-09-14 11:44:50","203e5043c50a305a8ba0e74bdf0db6af"
"Галерея/Sleeper.jpg","21552","2000-05-10 12:53:42","b98b7d570f4aef646a4a3b9206427bc6"
"Галерея/Sleeper_neu2.jpg","211071","2000-09-27 16:37:14","c81c2986804fa1d3954e7eaa390ab09c"
"Галерея/Sleeper_neu2b.jpg","410225","2000-09-27 16:48:34","78b8eef57978c47bfd0b3ab4abf665f4"
"Галерея/Sumpfhai.jpg","134982","2000-06-19 16:34:32","9ae00fe23e591931f7449e884b2135af"
"Галерея/Templer_hard.jpg","246166","2000-07-04 10:24:18","d1d2a8cbfa8133d774baf3f103779ae9"
"Галерея/Templer_light.jpg","71895","2000-02-04 17:32:42","b9e6259dbc8d21449d20360e152237aa"
"Галерея/Templer_medium.jpg","21889","1999-11-30 13:40:18","ab18e824075ae0f9b346aa3a60333c98"
"Галерея/Troll&Babe.jpg","64447","1999-12-23 10:00:48","c02d7eed90fb97c2bbed8612965701ca"
"Галерея/Troll&Babe2.jpg","112503","1999-12-23 14:48:42","5124cc6f6c84155d9f154e4ddf765039"
"Галерея/Troll&Babe3.jpg","217113","2000-02-14 12:13:00","c8cac5b94f442331b3338d8d201ad1b6"
"Галерея/Troll&Babe4.jpg","162999","2000-02-14 12:19:16","d7298b95ffd8bb6c77965f53230aa7c7"
"Галерея/Troll.jpg","57912","1999-12-23 09:19:52","9d2fdfd6c55d9c1ec6d726c75dc9ee94"
"Галерея/Troll2.jpg","347810","2001-01-22 11:52:40","db9d3846c3479679f532b5f10a93e034"
"Галерея/Trollneu.jpg","292365","2001-01-18 16:55:16","8d6af9e92a65a0d46c5c78d33236f329"
"Галерея/Untoter Orc.jpg","93559","2000-03-01 17:54:56","3697332037bf9618acf96684a3c6b880"
"Галерея/Untoter Orcschamane.jpg","89675","2000-03-01 17:59:08","47972346941b293b8b3bde23c7913e3d"
"Галерея/Uwes_Baron-Babes.jpg","924017","2000-11-30 10:32:48","6e9209609dcac5e3a689b043998b8ce8"
"Галерея/Waran.jpg","168210","2000-03-21 17:30:28","b87bcdb2ff3b5f8584195b92866f2106"
"Галерея/Wassermagier-hard.jpg","264488","2000-07-10 12:12:48","2244f20a976b5769c6271d01f0e0f5a7"
"Галерея/Wassermagier_light-hard.jpg","193512","2000-01-28 15:39:48","5124fa8dd340c186a53dc784291aeb73"
"Галерея/Wolf.jpg","133007","2000-04-17 10:45:08","1c2025471791ddb3a7a92f479e3a0a1b"
"Галерея/Zinnfiguren2.jpg","189589","2000-07-12 08:49:54","57da2026e1100a1d92af23ecbf9924c0"
"Галерея/Zinnfiguren3.jpg","240790","2000-08-17 11:28:28","69abe1597af640bb59d88441bdd9bb62"
"Галерея/Zombie01.jpg","116169","2000-02-25 14:02:52","77e55f4ff5df8c3e0c534e862b776dbd"
"Галерея/Zombie02.jpg","115979","2000-03-01 10:45:38","220db0ce5d6a26f4865db1ffe704fb53"
"Галерея/der Erzbaron.jpg","34460","2000-01-17 17:40:38","5cdbac2d921edade704b73ca84d82b51"
"Галерея/der Held.jpg","176749","2000-08-31 12:34:54","b83679c0984f2fe90f039380fc751f8e"
"Галерея/der Richter.jpg","131344","2000-08-17 14:53:46","ae91ee42efa6c0e472b6c99964a4ca6b"
"Галерея/der ganz neue Snapper.jpg","200491","2000-08-18 16:38:30","f71ea6ddadf7b2bae5e2d154eba4f6b1"
"Галерея/der neue Snapper.jpg","78686","2000-02-18 10:49:38","60bf71280efd42aa3f2271291841d1d9"
"Галерея/die Erzbarone.jpg","93019","2000-01-25 09:21:18","99f46797da9338b3d0a8b6e20d6b0bbc"
"Галерея/gorn.jpg","1992177","1999-12-28 13:37:28","68d00fb926a7232ac5b94e7f0a02ce1e"
"Галерея/kungfubabe.jpg","62838","2000-02-10 15:26:30","bbc8dfda50fb283da9ee8347380425ea"
"Скриншоты/1.jpg","669124","2000-10-30 14:27:34","82a112a000415de9fb088d87f82c1c37"
"Скриншоты/10.jpg","113535","2000-10-30 14:25:30","b315f7bebe97fae592f2a64bb5a8a95f"
"Скриншоты/11.jpg","634683","2000-10-30 14:25:32","18930a84e33cd5656ab139ed95a98446"
"Скриншоты/12.jpg","745286","2000-10-30 14:25:32","fc3496177640a58877728c78ab88fcd3"
"Скриншоты/13.jpg","663575","2000-10-30 14:25:34","9c92f07f77d5564a26b7bb9c9653d42b"
"Скриншоты/14.jpg","669420","2000-10-30 14:25:34","966c34c34686a7e338f00559d385919a"
"Скриншоты/15.jpg","652297","2000-10-30 14:25:36","c4b0ed293c899aae845a431b51ae2d92"
"Скриншоты/16.jpg","627057","2000-10-30 14:25:36","7d9b82c90115433cc20757363b9b6947"
"Скриншоты/17.jpg","534940","2000-10-30 14:25:38","6e575ece4cbf34c3f6579fb33b8fcbe0"
"Скриншоты/18.jpg","518047","2000-10-30 14:25:38","ea45c37b49fc67d4778a56979dadb7eb"
"Скриншоты/19.jpg","692049","2000-10-30 14:26:26","1547362103e2f07424750754f0f83975"
"Скриншоты/20.jpg","623284","2000-10-30 14:25:40","684ed3b7af3e3b0f14a306c3207f0960"
"Скриншоты/21.jpg","662104","2000-10-30 14:25:40","86479e09bd65545ff4990a791ca3b65b"
"Скриншоты/22.jpg","626463","2000-10-30 14:25:42","bb2c4a3444b97f76fd55ada3199fd8e6"
"Скриншоты/23.jpg","624048","2000-10-30 14:25:42","395b61442769aaccbab70662d244a23c"
"Скриншоты/24.jpg","667517","2000-10-30 14:25:44","1892ff05df399379c88f5b02dca19de7"
"Скриншоты/25.jpg","604751","2000-10-30 14:26:04","b7ad78ac6f0a1fcb0cd754909d7733c8"
"Скриншоты/26.jpg","708146","2000-10-30 14:26:02","6e7dd13e27ddc9055b0a7d2246a0c041"
"Скриншоты/27.jpg","113127","2000-10-30 14:26:02","e12beeec348eb7b8c5d198b85b265e39"
"Скриншоты/28.jpg","567435","2000-10-30 14:27:32","68490a17a56b6b64c62f1b270240f0ab"
"Скриншоты/29.jpg","645087","2000-10-30 14:26:04","182cef31c2352ab06213f771910c7d60"
"Скриншоты/3.jpg","634184","2000-10-30 14:27:32","313c6f323b650a03b4a9ca00b3b682fc"
"Скриншоты/30.jpg","680205","2000-10-30 14:26:04","f6e15575e163ba1fe46dd336aeae2923"
"Скриншоты/31.jpg","683897","2000-10-30 14:26:06","0359ef31774b5dee63cdf6e6a898aace"
"Скриншоты/32.jpg","711202","2000-10-30 14:26:06","26e80e19e7e4345f47f335e2d9887d4f"
"Скриншоты/33.jpg","719158","2000-10-30 14:26:06","ff15eb3aa47a3b2fa5c732b91dd783a6"
"Скриншоты/34.jpg","579515","2000-10-30 14:26:08","2ddc72868227aab956716432218b3173"
"Скриншоты/35.jpg","88077","2000-10-30 14:26:14","178027fd9d0bba31bbe2916e324a105f"
"Скриншоты/36.jpg","623138","2000-10-30 14:26:10","3b3a97cc04f6fe50f2dedfc5952e515e"
"Скриншоты/37.jpg","629182","2000-10-30 14:26:14","38d49fa7493bf05f688763953c3ec512"
"Скриншоты/38.jpg","678102","2000-10-30 14:26:18","cb48c4d179dea8bc2d47ed67ed57018f"
"Скриншоты/39.jpg","675841","2000-10-30 14:26:20","c7cf8a459bc77869fcac4349ef51a02a"
"Скриншоты/4.jpg","641359","2000-10-30 14:27:34","b56a996dc21bb842be7b4b20cc0eba7d"
"Скриншоты/40.jpg","122137","2000-10-30 14:26:18","7e4d42892e9a8d5f42043ac1fda182b0"
"Скриншоты/41.jpg","587318","2000-10-30 14:26:22","6d4c2294fbe58f57aa4fbb50a5d68653"
"Скриншоты/42.jpg","675428","2000-10-30 14:26:24","c30d4c347558ba6d00eee6c19b10bbd5"
"Скриншоты/43.jpg","612277","2000-10-30 14:26:24","5df650a1c6d559d1472e5be4ff1ed279"
"Скриншоты/44.jpg","598624","2000-10-30 14:26:24","fce360ad0959cbe29833ea23e1eb1f3b"
"Скриншоты/45.jpg","620536","2000-10-30 14:26:26","07b1114ed613e05dc7ff499ffd3f188b"
"Скриншоты/5.jpg","637910","2000-10-30 14:25:26","64883bb82628bde851c7ef5f6eb00bb8"
"Скриншоты/6.jpg","679552","2000-10-30 14:25:28","3f2422aeb218a430229527bccbb503b7"
"Скриншоты/7.jpg","699267","2000-10-30 14:25:26","35b7b0a4ec51150dc43be22ff262ebb6"
"Скриншоты/8.jpg","107615","2000-10-30 14:25:28","8e73339827c253caf3db3814d3d784e5"
"Скриншоты/9.jpg","95541","2000-10-30 14:25:28","bc84ee3bf30b1d98e3b2980471f25b8a"
